infobox1_name,n
Infobox Commune du Tchad,114
Infobox Baladodiffusion,16
s,2
Infobox Apskritis de Lituanie,10
Infobox Circonscription de Paris,75
Infobox Circonscription électorale d'Écosse,19
Infobox Ville d'Arabie saoudite,53
"Infobox Biographie2  
<!-- {{Infobox Artiste}} -->",1
Infobox Radical,5
Infobox Ville du Sénégal,825
Infobox Recensement,78
Infobox Monument <!--- Édifice religieux --->,4
Infobox Réacteur nucléaire,92
Infobox Élément/Thorium,1
Infobox Législature canadienne,17
Infobox GPU,35
Infobox Patrimoine mondial,796
Palette Cosmologie,5
"Infobox Organisation2
<!-- Information douteuse car c'est la déclaration pour 2020-2021
| financement =  5.5 millions [[Dollar américain|USD]] en 2022<ref>{{lien web|titre=IRS 990 Form|url=https://apps.irs.gov/pub/epostcard/cor/814576399_202012_990_2021052618206613.pdf}}</ref>
-->",1
Infobox Voiture train,13
Infobox Circonscription et région électorale du Parlement gallois,34
Infobox   Biographie2,5
"Infobox Biographie 2  
<!-- {{Infobox Personnalité militaire }} -->",1
Infobox Élément/Unquadunium,1
Infobox Archidiocèse catholique,462
Infobox Resort,21
Infobox_Mouvement religieux,1
Infobox Technique photographique,11
Infobox Législature d'Écosse,4
Infobox Salle de spectacle2,11
Titre  en  italique,2
Infobox Maison d'édition 2,202
Infobox Établissement pénitentiaire,470
Infobox  Prélat catholique,1
Infobox Isthme,16
Infobox Élément/Scandium,1
"Infobox Élections
<!-- Dernières -->",2
Infobox Cycliste,16852
,517227
infobox Biographie2,4671
Infobox Ville du Monténégro,1260
Palette Politique/Rome antique,89
Infobox Bande dessinée,4243
Infobox Personnalité du hockey sur glace,10590
Infobox Circonscription électorale,1246
Infobox Artiste,24206
Infobox Gratte-ciel,2984
Infobox Club de football,9410
Infobox Ville d'Azerbaïdjan,597
Infobox Municipalité de Colombie,1057
infobox Minéral,142
Infobox Structure militaire,693
Infobox Draft,262
Infobox Frontière,651
Infobox Norme juridique,1651
Infobox Municipalité du Venezuela,335
Infobox Périodique,519
Infobox Monnaie,432
Infobox Attentat,1354
Infobox Pilote,2699
Infobox Manifestation,329
Infobox Mois,3194
Infobox Châssis sport-automobile,1121
Infobox Équipe de hockey sur glace,1713
Infobox Paroisse catholique,19
Infobox Zoo,383
infobox Localité,236
Infobox Salle de spectacle,1592
Infobox Voie de Toulouse,707
Infobox Épisode de série télévisée,1191
Infobox Commune d'Algérie,1610
Infobox Powiat de Pologne,313
Infobox Manuscrit du Nouveau Testament,297
Infobox Arbitre,280
"Infobox Alpiniste, grimpeur",513
Infobox Tournoi de tennis,5741
Infobox Planète mineure,45382
Infobox Localité d'Ukraine,844
Infobox Chute d'eau,489
Infobox Ville d'Égypte antique,117
Infobox Événement météorologique,345
Infobox Épisode des Simpson,730
Infobox Commune d'Irak,69
Infobox Vallée,590
Infobox Cheval,615
Infobox Abbaye,707
Infobox ouvrage,705
Infobox Maladie des plantes,107
Infobox Convoi de déportation,20
Infobox Joueur de poker,114
Infobox Grand Prix moto,655
Infobox Conseil régional d'Israël,45
Infobox Camp de concentration,272
Infobox Nome de Grèce,72
Infobox Localité de Biélorussie,160
Infobox Élection de Miss,416
Infobox École de Yoga,4
Infobox Route/Base,685
Infobox Équipe cycliste,961
Infobox Équipe nationale de rugby à XIII,75
Infobox Kabupaten d'Indonésie,214
Infobox Peuple antique,339
Infobox Monastère,295
Infobox Rue de l'agglomération de Longueuil,32
Infobox Famille Pokémon/Entête,160
Infobox Signe ou symptôme,68
Infobox Quartier de Londres,92
Infobox Casino,74
"Infobox Maison d'édition
<!--  Consultez [[Modèle:Infobox Maison d'édition]] pour mettre à jour le modèle.  -->",417
Infobox Paroisse anglo-normande,24
Infobox Roman Royaumes oubliés,24
Infobox Ville de Lituanie,79
Infobox Club de volley-ball,733
Infobox Commune de Géorgie,85
Infobox Bourse,48
Infobox Municipalité d'Islande,75
Infobox Cinéma (festival),582
"Infobox Site web
 <!-- pour adapter la couleur de la boîte au logo -->",6
Infobox Licence de logiciel,39
Infobox Marché,52
Infobox Piste de ski,9
Infobox Raïon d'Ukraine,222
Palette Tables Unicode,561
Infobox Tremplin de saut à ski,71
Infobox Empereur de Chine,156
Databox,104
Infobox Municipalité de Lituanie,52
Infobox Commune de la République du Congo,65
Infobox Bilan club de football européen,75
Infobox Macintosh,52
Infobox Musique (oeuvre),9
Infobox District du Ghana,134
Infobox Séisme,267
Lien web,1
Infobox Cycle solaire,25
Infobox Ville d'Afghanistan,45
Infobox District de Madagascar,115
Palette Surveillance NSA,16
Chronologie bande dessinée,131
Infobox API,203
Infobox Mouvement religieux,123
Infobox Conseil scolaire au Canada,5
Semi-protection,32
"Infobox Ancienne entité territoriale
<!-- TITRE DE LA BOITE -->",133
Infobox Élément/Azote,6
Infobox Police,35
infobox Norme juridique,3
Infobox Départements de l'administration américaine,20
Infobox Région de la République du Congo,11
Infobox Danse (compagnie),23
Infobox Calculatrice Casio,25
Infobox Humoriste,141
Infobox District de Slovaquie,79
Infobox Confession chrétienne,168
Infobox Province de Belgique,4
Infobox Standard de jazz,64
Infobox Législature de France,11
Infobox Compétition de go,29
Infobox Région du Mali,9
Infobox État du Nigeria,39
Palette Droit des personnes en France,34
"Infobox Aristocrate
<!--MERCI DE BIEN LIRE LA DOCUMENTATION DU MODELE AVANT DE RENSEIGNER LES CHAMPS-->",1
Infobox Législature du pays de Galles,6
Infobox Concile,58
Infobox Agence spatiale,40
Infobox Police de caractères,113
Infobox Vaccin,26
Infobox Équipe nationale de football américain,21
Infobox Site d'Égypte antique,70
Infobox Concours miss,72
infobox Société,140
Infobox Province du Chili,57
infobox Col,2
Infobox Élément/Untriquadium,1
Infobox Missions UE,35
Infobox Écurie de chevaux de course,18
Infobox Alliance politique indienne,5
Infobox État d'Éthiopie,14
Infobox Chambre de commerce,10
Infobox Bassin hydrographique,3
"Infobox Ancienne entité territoriale 

<!-- TITRE DE LA BOITE -->",1
"Infobox Biographie2
<!-- {{Infobox Cinéma (personnalité) }} -->",8
Infobox Occitanie,2
Infobox Élément/Hassium,1
Infobox Élément/Iridium,1
Infobox Élément/Bismuth,3
Infobox Élément/Niobium,1
Infobox Élément/Vanadium,1
infobox Chimie,3
Infobox Évènement,2
Infobox Département d'Haïti,10
Infobox Composant Mir,6
Infobox Élément/Yttrium,1
"Infobox Maison d'édition 2
<!--  Consultez [[Modèle:Infobox Maison d'édition]] pour mettre à jour le modèle.  -->",4
Infobox Charte Lyon,6
Infobox Planète,1
Infobox Merveilles du monde,4
"Infobox Ville du Royaume-Uni
<!-- TITRE -->",6
Infobox Fusée Redstone,3
infobox Édifice religieux,5
Infobox Espace  vert2,2
Palette Judaïsme,2
Palette Modèle CGHS,4
"Infobox Exoplanète
<!-- PRÉSENTATION GÉNÉRALE -->
<!-- ÉTOILE -->",4
infobox Chambre de justice,1
Infobox Exolune,1
Nom protégé,6
infobox Squelette,5
"Infobox Cinéma (film)
<!--| titre original  = Second Chance-->",1
Infobox Animal,1
Infobox Région de Macédoine du Nord,4
3e,1
Voir homonymes!Able,1
infobox Ville,1
infobox Patrimoine mondial,1
"Infobox Biographie2   
<!-- {{Infobox Artiste}} -->",1
Infobox Élément/Germanium,1
infobox Ancienne entité territoriale,1
Infobox Quartier de Jérusalem-Est,5
Infobox Club de gymnastique,5
Infobox Bilan club de rugby à XV européen,4
date de naissance,2
"Infobox Biographie2  
 <!-- | charte            = classique -->",1
lang,2
Titre  en italique,1
"Infobox Personnalité du hockey sur glace
<!-- Merci de sourcer les surnoms. Les surnoms non sourcés seront supprimés -->",1
Infobox Maison d'édition<!--  Consultez [[Modèle:Infobox Maison d'édition]] pour mettre à jour le modèle.  -->,1
Infobox Département de Côte d'Ivoire,1
Infobox Ville d'Inde,1
Infobox Élément/Tennesse,1
Infobox Œuvre musicale,2
Infobox  Personnage (fiction),2
Description courte,3
Palette Couplage en physique,5
Infobox Élément/Unbihexium,1
Infobox Élément/Actinium,1
Infobox Réseau routier/bac à sable,1
Infobox Élément/Brome,1
Infobox  Île,1
Infobox  Conjoint politique,1
Infobox Engin spatial auxiliaire,1
"Infobox Station de ski
<!--| nom = Station de ski du mont Masik-->",1
Infobox Soleil,1
"Infobox Biographie2 
<!-- {{Infobox Artiste  }}   -->",1
"Infobox Hymne
 <!--| titre                    = O Hymno da Carta-->",1
infobox Musique (instrument),1
Infobox Organisme de soutien artistique francophone,1
Infobox Monument <!--- Abbaye --->,1
Infobox Biographie2           <!-- {{Infobox Cinéma (personnalité)  }} -->,1
Palette Organisation juridictionnelle en France,1
infobox Localité de Russie,1
infobox Ligne ferroviaire,1
"Infobox Biographie2
<!--|image=Ghotb2.jpg-->
<!--|légende=Qoṭb al-Din al-Širāzi-->",1
Infobox Ville du Guyana,1
Infobox Créature<!---!|image=Blodeuwedd - Christopher Williams.jpg|légende=''Blodeuwedd'' de [[Christopher Williams (peintre)|Christopher Williams]] (1930)--->,1
Infobox Élément/Molybdène,1
infobox  Série télévisée,1
formatnum:142857,1
voir homonymeds,1
Infobox Lavoir,1
"Infobox Biographie2   <!---
}}
{{Infobox Cinéma (personnalité)   --->",1
Infobox Commune de Mauritanie,227
"Infobox Exoplanète
<!-- PRÉSENTATION GÉNÉRALE -->",34
Infobox Match de hockey sur glace,108
Infobox Région du Maroc,36
Infobox Relations_UE-État_membre,28
Infobox Matériaux,18
Infobox Commission parlementaire française,26
Infobox Biographie2 <!-- ou via Infobox Personnalité politique ? -->,1
Infobox Élément/Tellure,1
Chronologie architecture,343
Infobox Pierre précieuse,38
Infobox Ville de Macédoine du Nord,8
Infobox Département du Cameroun,58
infobox Musique (œuvre),2
Infobox Canton du Luxembourg,12
Infobox Ville,3897
Infobox Collection de livre-jeu,7
infobox Livre,5
Infobox Bilan sportif,28
Infobox District du Bangladesh,64
Infobox Communauté de Belgique,3
Infobox Champ d'hydrocarbures,140
Infobox Historique des Studios Disney,13
Infobox Étendue d'eau,1556
Infobox Circonscription électorale du Luxembourg,6
"Infobox Tribunal
<!-- EN-TÊTE -->",2
Infobox Province de la république démocratique du Congo,29
Infobox District d'Autriche,88
Infobox Localité  de Russie,1
Infobox Convention,121
Infobox Pièce,234
Infobox Château,9116
Infobox Intercommunalité de France,3519
Infobox Département d'Argentine,377
Infobox Ancienne entité territoriale,3739
Infobox Joueur de basket-ball,11445
Infobox Athlète,10785
Infobox Automobile,6236
Infobox Montagne,10375
Infobox Chimie,7567
Infobox District d'Angleterre,108
Infobox Ville de République tchèque,4875
Infobox Match de football,417
Infobox Blindé,840
Infobox Club de handball,879
Infobox Musique (instrument),416
infobox Footballeur,26
Infobox Récompense,1802
Infobox Squelette,662
Infobox Arrondissement du Bénin,66
Infobox conflit militaire,1579
Infobox Ville du Guatemala,180
Infobox Cavalier,598
Infobox Maison d'édition,807
Infobox Boxeur,3801
infobox,2369
Infobox Poste politique,2811
Infobox Ligne ferroviaire,2631
Infobox Graphème,3419
Infobox Aire protégée,5773
Infobox  Localité,25
Infobox Ligne de transport en commun,1669
Infobox Métier,769
Infobox Raion de Biélorussie,118
Infobox Localité de Suisse,1112
Infobox Mannequin,498
Langue du titre,427
Infobox Pays Eurovision,109
Infobox organisation2,246
Infobox Commune des Pays-Bas,448
Infobox Médicament,348
Infobox Route,3573
Infobox Anatomie,462
Infobox Ville d'Uruguay,501
Infobox Agence gouvernementale,526
Infobox Handballeur,2593
Coord univers,216
Infobox Grotte,787
années,6399
Infobox Jour,1760
Infobox Zone de gouvernement local du pays de Galles,76
Infobox Billet,186
Descriptif course cycliste,854
Infobox Lieu de la Terre du Milieu,41
Infobox Ville de la République démocratique du Congo,200
Infobox Récompense sportive,360
Chronologie musique classique,638
Infobox Circonscription législative marocaine,92
Infobox Animateur audiovisuel,386
Infobox Bâtiment,43
Infobox Unité,104
Infobox Saison de hockey sur glace,1192
Chronologie littérature,590
Infobox Nation en compétition continentale de football,534
Infobox Canal,577
Infobox Famille noble,2626
Infobox Relief,411
Infobox Cantate Bach,187
Infobox Ordre religieux,1118
Infobox Nation aux Jeux paralympiques,513
Infobox Accident de transport,1254
Infobox Ville de Crimée,52
Infobox Format de données,268
Infobox Cheptel,145
Infobox Liste de fichiers,581
langue du titre,306
Infobox Armée,190
Infobox Catch (spectacle),834
Infobox Localité du Luxembourg,449
Infobox Appareil photo numérique,303
Infobox Niveau géologique,195
Infobox Tombeau de l'Égypte antique,589
Infobox Épisode de Doctor Who,200
Chronologie Canada,336
"Infobox Biographie2
<!-- {{Infobox Cinéma (personnalité)   }} -->",1
Infobox Comète,461
Infobox Galaxie,59
Infobox Photographie,3
Infobox Célébration,598
Infobox Club de natation,89
Infobox Biographie/Entête,371
Infobox Course hippique,287
Infobox BTS,52
Infobox Chiffrement par bloc,53
Infobox Équipe de Coupe Davis ou de Fed Cup,141
Infobox Ville de Slovénie,220
Infobox Spectrographe,3
Infobox Drone civil,16
Infobox Comédie musicale,352
Infobox Municipalité régionale de comté,89
Infobox Programme spatial,37
Infobox Commune du Nicaragua,90
Infobox Voie de Lyon,475
Infobox Base de lancement,34
Infobox Église orientale,34
Infobox_Université,9
Chronologie cinéma,132
Infobox Concours Eurovision de la chanson,168
Infobox Type de subdivision administrative,142
Infobox Pilote NASCAR,143
Infobox Massacre,562
Infobox Frazione,355
Infobox  Château,2
Infobox société,55
Infobox Organisation des Nations unies,168
Infobox Missile,302
Infobox Ancienne commune,33
Infobox Marque,287
infobox Cinéma (personnalité),33
infobox Art,150
Infobox Idéogramme,124
Infobox Compétition musicale,43
Infobox Temple de la renommée,26
Infobox Club d'aviron,71
Infobox Études supérieures,152
Palette Classement musical en France,89
infobox Périodique,3
Infobox musique (oeuvre),23
Infobox Tennis aux Jeux olympiques d'été,101
Infobox Cryptomonnaie,37
Titre noble,369
Minuscule,123
Infobox Journées Mondiales de la Jeunesse,16
Infobox Ordre de chevalerie,28
Infobox Infraction en France,38
Infobox Club de floorball,29
Infobox Hélicoptère,255
Infobox Commune d'Ouganda,67
Infobox Ville de Jordanie,26
Infobox Exposition internationale,114
Infobox Station thermale,26
Infobox Paiement électronique,25
"Infobox Personnalité du hockey sur glace
<!-- Merci de sourcer les surnoms, les surnoms non sourcés seront supprimés-->",7
Cycling race/stageinfobox,271
Infobox Anarchisme par zone géographique,42
Infobox Valeur nutritionnelle,46
Infobox Grandeur physique,162
Infobox Ville d'Éthiopie,54
Infobox  Écrivain,1
Infobox Énergie (pays),129
Infobox Saison d'équipe de football américain,39
Infobox Halakha,13
Infobox Région de Tchéquie,14
Infobox Théâtre (personnalité),31
Infobox Mécanisme,11
Infobox Média,46
coordonnées,2
Infobox Ville de Syrie,17
Infobox Saison amateur de club de football,5
Infobox Synthèse annuelle en astronautique,18
Infobox Hippodrome,124
Infobox Couleur,23
Infobox Master's degree,7
Infobox Année en astronomie,17
Infobox Wallonie,1
Infobox Test psychologique,9
Infobox Piste de bobsleigh,4
Infobox Église catholique orientale,26
Ouvrage,1
Infobox Type de véhicule,31
Infobox Département du Bénin,33
Infobox Élément/Silicium,2
Infobox Commanderie hospitalière,43
Infobox Pratique sportive nationale,21
Infobox Système de fichiers,19
Chronologie catch,1
Infobox Géographie de Titan,35
Infobox Département du Gabon,50
SMS,1
Infobox Bilan équipe nationale volley-ball,68
Infobox Batteries,5
Chronologie handball,5
Infobox Panchen Lama,12
Infobox Bassin sédimentaire,12
Infobox Tribu de Nouvelle-Calédonie,13
Infobox Municipalité de Russie,39
Infobox Ligne à haute tension,12
Infobox Subdivision du Kenya,10
infobox Île,2
Infobox Vaisseau de fiction,30
"Infobox Localité
<!-- Infobox Commune du Mali
 | latitude   = 14.38
 | longitude  = -3.35
-->
<!-- Longitude : -3.35=W, Latitude : 14.38=N Altitude : 362m -->",1
Infobox Localité du Maroc,15
Infobox Chambre de justice,4
infobox Macintosh,26
Infobox Commune du Groenland,6
infobox Compétition sportive,9
Infobox Comitat de Croatie,20
Infobox Élément/Unbiquadium,1
Infobox Élément/Béryllium,1
Infobox Race de Stargate,25
"Infobox Biographie2
<!-- {{Infobox Musique classique (personnalité) }} -->",3
Infobox_Maladie,5
infobox Relief terrestre,1
"Infobox Biographie2
<!--|charte = instrumentiste-->",1
Infobox Région de Slovaquie,8
Infobox Royaume coutumier de Wallis-et-Futuna,3
Infobox Histoire de la bande dessinée,8
Infobox Géologie régionale,23
Infobox Élément/Or,2
Infobox_conflit_militaire,8
Sofr,1
Infobox VinoDOC,16
Infobox Cinéma  (film),8
Infobox Élection <!-- Cette infobox est utilisée à titre d'exemple dans la documentation de l'infobox -->,1
infobox Discipline,4
Infobox Équipe nationale de kayak-polo,4
Liste de fichiers,3
Infobox Championnat d'échecs,13
Infobox Tribunal<!-- EN-TETE -->,1
Infobox Région du Ghana,8
Infobox Voie de Blagnac,4
Chronologie football américain,5
Infobox Élément/Zinc,1
Infobox_Patrimoine_mondial,5
"Infobox Société
<!--  Consultez [[Modèle:Infobox Maison d'édition]] pour mettre à jour le modèle.  -->",1
article regroupement stratigraphique,6
Infobox Élément/Curium,1
Infobox Film,1
Infobox Élément/Cuivre,1
Infobox Élément/Palladium,1
Palette Quartet du dialogue national,1
"Infobox Biographie2    
<!-- {{Infobox Écrivain }}    -->",1
Infobox Musique classique  (personnalité),1
persan,1
Infobox Structure géologique,4
Infobox Club de canoë-kayak,3
Infobox  Cinéma (personnalité),7
"Infobox Grotte
<!--image wikidata-->",1
infobox Cinéma  (personnalité),1
infobox Chaîne de télévision,1
Infobox Ville de Biélorussie,2
"Infobox Objet <!--merci de laisser les libellés en place, pour qu'ils puissent éventuellement être renseignés, ici ou sur WD)-->",1
Chronologie escrime,3
ébaucheJeux olympiques,1
"Infobox Biographie2 
<!---   {{Infobox Musique (artiste)   }} 
 | charte            = classique
 | nom               = Mabel Mercer    --->",1
Infobox  Aire protégée,2
Infobox Série télévisée détaillée <!-- Ne pas saccager les gabarits. -->,1
Taxobox simple début,5
Infobox Nation aux Jeux africains,2
Infobox Élément/Unbinilium,1
japonais,1
R3R,1
"Infobox Maladie<!-- Avant tout ajout dans l'article, merci de bien vouloir CITER VOS SOURCES. Tout manquement à cette règle pourra être révoqué sans préavis. -->",2
"Infobox Agence gouvernementale
<!-- EN-TETE -->",2
Palette Répartition des eaux,1
"Infobox Biographie2
<!--- {{Infobox Écrivain}}  --->",1
Infobox Ville<!-- NE PAS METTRE l'INFOBOX VILLE DU VIETNAM : COMPLICATION INUTILE-->,1
infobox Muscle,1
Infobox Élément/Untrihexium,1
Image multiple,1
Infobox  Subdivision,1
Page h,1
Infobox Élément/Untriseptium,1
"Infobox Cinéma (personnalité)
<!--| couleur       = artiste
| nom               = Jason Barry-->",1
Voir paronhymes,1
Infobox  Rose,2
Infobox Planète/Neptune,1
"Infobox Cycliste
<!-- |nom officiel= - -->",1
Infobox Élément/Aluminium,1
infobox Municipalité de Nouvelle-Zélande,1
Infobox Religion v2 <!--Infobox Mouvement religieux-->,1
sources à lire,1
infobox Vêtement,1
Infobox Élément/Ununennium,1
Infobox Territoire britannique d'outre-mer,1
Infobox Groupe parlementaire d'Espagne,1
Infobox Région de République tchèque,1
Infobox Élément/Gallium,1
infobox Commune d'Allemagne,1
Infobox Béarn,1
infobox Gratte-ciel,5
Infobox Présidence,113
Infobox Playboy Playmate,102
Infobox Comté de Norvège,23
Infobox Décision juridique,37
Infobox Élément/Potassium,1
Infobox_Biographie2,3
Infobox Planète/Saturne,1
Infobox Tracteur agricole,59
Infobox Indice boursier,24
Infobox Fusée Pierre Précieuse,6
Infobox Maison d'édition de livres-jeux,4
Infobox Période glaciaire,10
Infobox Banque centrale,132
infobox  Personnalité politique,1
"Infobox Exoplanète
<!-- Présentation générale -->",1
Infobox Carnaval,17
Infobox Comté des États-Unis,3042
infobox Presse,2
Palette Temps (géologie),9
infobox Parc de loisirs,2
Palette Genre musical,13
infobox Transport ferroviaire,4
Infobox Rabbi,8
Infobox Agglomération du Québec,5
Infobox  Cinéma (film),2
Infobox Bey de la Régence d'Alger,15
Infobox Arrondissement municipal français,63
Infobox Élément/Argent,2
Infobox Coupe Grey,11
Infobox CPGE,21
Infobox Rites par religion,7
Infobox Station de ski,471
Infobox Élément/Osmium,1
infobox Personnage (fiction),6
Infobox Club omnisports,374
Infobox Groupe de musique,116
infobox musique (oeuvre),27
Infobox Sinogramme,60
Infobox Canton d'Équateur,220
Infobox Cave vinicole,118
Infobox Élément/Chrome,1
Infobox Attaque,3
"Infobox Biographie2  
<!-- {{Infobox Artiste }} -->",1
Taxobox  début,3
Infobox Nœud,73
"Infobox Localité du Burkina Faso
<!--
 Noms en titre
-->",1
Infobox Droits LGBT,117
Palette Apocryphes du Nouveau Testament,1
Infobox Biographie2        <!-- {{Infobox Artiste}} -->,1
Infobox Algorithme,47
Infobox Personnage (fiction),4996
Infobox District du Kazakhstan,138
Infobox Comarque d'Espagne,235
Infobox Musique (artiste),30188
Infobox Musique (label),1260
Infobox Nouvelle,1517
Titre en italique,5834
infobox biographie2,12453
Infobox Écrivain,12514
Infobox Compétition sportive,53118
Infobox Paroisse du Venezuela,1093
Infobox Presse écrite,4308
coord,3238
Infobox Délégation tunisienne,264
Infobox biographie2,17280
Infobox Cimetière,1971
Infobox Département du Salvador,14
Infobox Joueur de baseball,4296
Infobox Jeu vidéo,16337
Infobox District du Pakistan,157
Infobox Ouvrage,4726
infobox Halakha,38
Infobox Planeur,189
Infobox Personnalité du hockey sur gazon,365
Infobox Ancienne commune de France,4560
Infobox Personnage (Disney),226
Infobox Site web,1384
Infobox Scientifique,2349
Infobox Forêt,532
Infobox Localité des Pays-Bas,2894
Infobox Localité de Norvège,670
Infobox Eurovision,1167
Infobox Dème de Grèce,198
Infobox Unité militaire,7410
Coord,702
Infobox Appareil informatique,442
Infobox Descriptif course cycliste,1319
Infobox Parti politique,62
Infobox Quartier américain,197
Infobox Microprocesseur,231
Infobox Jeu,823
"Infobox Tribunal
<!-- EN-TETE -->",65
Infobox Sentier,582
Infobox Patineur artistique,924
Infobox Rallye automobile,304
Infobox Ville de Tchéquie,1442
Infobox Aménagement cyclable,65
Infobox Tunnel,404
Infobox Zonage,679
Années au Québec,252
Infobox Ville de Bolivie,161
Infobox Voie de Liège,530
Infobox Console de jeux vidéo,213
Infobox Rose,534
Infobox Territoire,258
Infobox Explorateur,136
Infobox Expédition ISS,71
Infobox Série de jeux vidéo,555
Infobox Ville de Tunisie,311
Infobox Canton de France,5257
Infobox Poids lourd,521
Infobox Ville du Rwanda,14
Infobox Formation rocheuse,161
Infobox Saison d'équipe de hockey sur glace,234
Infobox Ville de Turquie,1024
Infobox Route à modules/Début,108
Infobox Faciès culturel,212
Infobox Écorégion d'eau douce,7
Infobox Exposition,554
Chronologie numismatique,41
Infobox Région du Tchad,26
Infobox Temple bouddhiste,107
Infobox Langage de programmation,298
Infobox Province d'Indonésie,35
Infobox Commune de Macédoine du Nord,81
Infobox Édition linguistique de Wikipédia,290
Infobox Polyèdre,91
Infobox Église,107
Infobox Bière,82
Infobox MMA,481
Infobox Arrondissement d'Haïti,41
Infobox Club universitaire,308
Chronologie du combiné nordique,141
Infobox Commune du Luxembourg,104
Infobox Localité du Costa Rica,41
Infobox Politique européenne,34
Infobox Plage,255
Infobox Objet préhistorique,12
Infobox Torero,285
Infobox Robe animale,28
Infobox Téléphone mobile,353
Infobox Vêtement,125
infobox Animal,170
Infobox Ville d'Écosse,249
Infobox Circonscription de Tunisie,28
Infobox Série de livres-jeux,9
Infobox Camouflage,25
Infobox Loi Rome antique,29
Infobox Municipalité de Finlande,119
Infobox Biome,21
Infobox Remontée mécanique,162
Infobox Biographie bouddhiste,166
Infobox Cercle du Mali,57
Infobox  Série télévisée détaillée,1
Infobox Lieu de fiction,83
Infobox Orchidée,20
Infobox Liste de récompenses,22
Infobox Élément/Phosphore,1
Infobox Taxon,3
Infobox Pays,345
Infobox Personnage de Naruto,55
Infobox Fonction mathématique,24
Infobox Franchise LCF,16
Infobox Architecture logicielle,7
"Infobox Automobile
<!--Pensez à vérifier que les champs sont à jour en consultant Modèle:Infobox Automobile-->",6
Infobox Province d'Irlande,4
Infobox Mouvement artistique,39
Infobox Discours,27
Infobox District de Suisse,151
Infobox Cinéma (genre),26
Infobox Sonnet de Shakespeare,154
infobox Lac,14
infobox Université,10
Infobox Agriculture,14
Infobox Collectif (artistes),36
Chronologie science-fiction,169
Infobox Lieu de fiction (bande dessinée),41
Infobox État des États-Unis,57
Infobox Municipalité de Serbie,18
Infobox Particule,41
Infobox Équipe de sport électronique,60
Infobox Province d'Argentine,35
Infobox District d'Allemagne,29
Infobox État d'Allemagne,23
Infobox Congrès politique,47
Infobox Église orthodoxe,69
Infobox Alsace,1
Infobox Expédition,7
infobox Biographie2,11
Chronologie natation,11
Infobox Combiné nordique,26
Infobox Fruit,33
Infobox DROM-COM,16
Infobox Objectif photographique,16
Chronologie informatique,1
"Infobox Biographie2
<!-- {{Infobox Écrivain }} -->",5
Infobox Galaxie Groupe Local,43
Infobox Timbre,85
Infobox Ville de Moldavie,16
infobox Objet,22
Infobox Engin de chantier et agricole,52
Infobox Commune du Liechtenstein,11
Infobox Technique de combat,57
infobox Presse écrite,1
Article regroupement stratigraphique,1
Infobox Cirque naturel,49
Infobox Dalaï-lama,14
Infobox Nom de famille,22
infobox Algorithme,2
Infobox Région du Guyana,10
Infobox Région du Pérou,25
Chronologie sports équestres,2
Infobox Localité d'Andorre,38
infobox Prélat catholique,3
Infobox Législature d'Espagne,9
Infobox Réacteur nucléaire à fusion,6
Infobox Județ de Roumanie,26
Infobox Élément/Lutécium,1
Infobox Département de Colombie,28
Infobox État de Malaisie,11
Infobox Planète fictive,11
Infobox Politique publique,14
"Infobox Biographie2
<!--   {{ Infobox Écrivain }}   -->",1
Infobox Infraction,2
Infobox Système de positionnement par satellites,1
Licence Matériel Biologique et chimique ouvert,1
infobox Montagne,2
Infobox Skateur professionnel,9
Infobox  Gouverneur de la Régence d'Alger,1
infobox Boisson,1
Infobox 2 euros,21
Infobox Saison de handball,14
Infobox Réaction chimique,1
Infobox Club de tir à l'arc,6
Palette Constitution éthiopienne de 1994,5
À développer,1
Infobox_Société,3
Infobox ABDA/Entête,8
Chronologie cyclisme,7
"Infobox Biographie2
<!-- {{Infobox Écrivain}} -->",3
infobox Entreprise,1
Infobox Élément/Roentgenium,1
"Infobox Décision juridique
<!-- PRÉSENTATION -->",2
"Infobox Université
<!-- | blason                 = Wikidata : P:P154-->
<!-- | taille blason          = taille de l'image -->
<!-- | légende blason         = légende de l'image -->",1
Infobox Élément/Iode,1
Infobox Gouvernement territorial,4
infobox Réacteur nucléaire,2
infobox  Société,1
Chronologie danse,2
Infobox Élément/Thallium,1
Infobox Maladie<!-- Infobox ajoutée pour les codes. -->,1
Infobox Élément/Mercure,1
Infobox Élément/Ruthénium,1
Article équivalent stratigraphique,1
"Infobox Biographie2    
<!--   {{Infobox Écrivain -->",1
infobox Revue,2
Infobox Ville<!-- INUTILE DE COMPLIQUER L'EDITION EN LA REMPLACANT PAR L'INFOBOX NATIONALE-->,2
Infobox   Artiste,1
"Infobox Ancienne entité territoriale
<!--| nom={{lang|mt|In-Nazzjon Għawdxi}}
| nom langue=[[Maltais|mt]]-->",1
Infobox Élément/Untripentium,1
Palette Processus de paix israélo-palestinien,1
Palette Traités constitutifs de l'Union européenne,1
Infobox Architecture CPU,5
infobox Cycliste,4
"Infobox Biographie2 
<!-- {{Infobox Biographie }} -->",1
Infobox Éphéméride des chemins de fer,2
Infobox    <!-- Route -->,1
Infobox Géographie de Charon,1
Infobox Nation en  compétition continentale de football,5
Infobox Élément/Untriennium,1
"Infobox Gymnaste
<!--Pour les instructions, consultez [[Modèle:Infobox Gymnaste]]-->",1
Infobox Élément/Samarium,1
Infobox Élément/Argon,1
"Infobox Conflit militaire
<!--| guerre       = [[Première coalition]]-->",1
Cycling race/raceinfobox,1
Infobox Élément/Europium,1
Infobox Eau,2
m,1
Infobox Comté de l'Île-du-Prince-Édouard,1
"Infobox Ancienne entité territoriale 
<!-- TITRE DE LA BOÎTE -->",2
Infobox Joueur de baseball2,2
Infobox Élément/Einsteinium,1
infobox Pièce de théâtre,1
"Infobox Biographie2
<!--
 | image             = Benjamin Cardozo.jpg -->",1
Infobox Élément/Sélénium,1
Infobox Région de Belgique,1
Chronologie rugby à XIII,1
Infobox Élément/Plomb,2
Infobox Localité  <!-- Ville --> <!-- Localité -->,1
Infobox  Série télévisée,1
Infobox  Animateur audiovisuel,1
Infobox Élément/Gadolinium,1
infobox Traité international,1
Infobox  Quartier,1
Infobox Biographie2<!--MERCI DE BIEN LIRE LA DOCUMENTATION DU MODELE AVANT DE RENSEIGNER LES CHAMPS-->,1
"Infobox Musique (style)<!-- N'est pas un style musical, mais il fallait une infobox connexe afin de catégoriser les divers genres musicaux effectués par ce type de groupe. -->",1
"Infobox Société
<!--  Consultez [[Modèle:Infobox Société]] pour mettre à jour le modèle.  -->",1
infobox Artéfact archéologique,1
Infobox Musique  (œuvre),1
Infobox Artiste <!-- Biographie2  -->,1
Infobox Élément/Radon,1
"Infobox Biographie2
 <!-- | charte = naturaliste -->",1
infobox Ville d'Écosse,1
Infobox Élément/Unquadnilium,1
Infobox   Musique classique  (personnalité),1
"Infobox Monument
<!--|ouverture = 1964 l'information n'a pu être sourcée malgré recherche par moteur (... de recherche) -->",1
Infobox Élément/Étain,1
Infobox Commune de Finlande,334
infobox Sport paralympique,26
Semi-protection étendue,61
Infobox Ville d'Israël,219
Infobox Equipe MotoGP,17
Infobox  Édifice religieux,1
Infobox Objet,473
Infobox Fuseau horaire,44
Infobox Préfecture du Japon,16
infobox Écrivain,1
Infobox Élément/Lithium,1
Infobox Géométrie moléculaire,15
Infobox Personnage coranique,6
Infobox Canton de Suisse,26
Infobox Circonscriptions des îles Cook,31
Chronologie baseball,1
"Infobox Décision juridique
<!-- PRESENTATION -->",99
Infobox Cuisines du monde,104
infobox Race,13
Infobox musique (œuvre),23
infobox Grotte,1
Infobox biographie2,3
Infobox  Jeu vidéo,1
Infobox Élément/Berkélium,1
Infobox Élément/Ytterbium,1
Infobox Étagement,8
Infobox Présidence du Conseil de l'UE,92
Infobox Moteur d'avion,360
Infobox Cinéma (studio),93
Infobox Distribution statistiques,101
"Infobox Musique (artiste)<!-- L'infobox concerne uniquement l'artiste, non le groupe. -->",1
Infobox MLB All-Star Game,41
Infobox Saison sportive,87
Infobox Bombe,15
Infobox Commune d'Autriche,2156
Infobox Catch (équipe),214
Infobox Province du Pérou,194
Infobox Gmina de Pologne,1900
Infobox Série télévisée,11712
Infobox Commune d'Allemagne,10892
Infobox Cinéma (film),74624
Infobox District indien,336
Infobox,15704
Infobox Émission de télévision,4210
Infobox Ville du Maroc,450
Infobox Région viticole,627
Infobox Livre,14589
Infobox Société,23593
Infobox Presse,1015
Infobox Compagnie ferroviaire,741
Infobox Université,5531
Infobox Inventaire du patrimoine culturel immatériel en France,314
Infobox Faction armée,701
Infobox Île,10834
Infobox Langue,4928
Infobox Biohomonymie,765
Infobox Nageur,2092
Infobox Espace public,6638
Infobox Avion léger,758
Infobox Couronne,28
Infobox  Biographie2,66
Infobox/Début,2062
Infobox Ouvrage d'art,286
Infobox Musique (instrument célèbre),13
Infobox Juridiction christianisme,1185
Infobox Étoile,2603
Infobox modulaire/Début,2764
Infobox District de Tchéquie,76
Infobox Commune de Suède,295
Infobox Tournoi de squash,1013
Infobox Ville de Russie,1426
Infobox Route/France,1448
Infobox Personnalité de l'Égypte antique,1019
Infobox Pont,2891
Infobox Parc de loisirs,547
Infobox Manade,14
Infobox Base permanente,93
Infobox Circonscription électorale du Royaume-Uni,494
Infobox Localité d'Islande,99
Infobox Engin spatial,1064
Infobox Phare,3553
Infobox Archer,248
Infobox Saison de rugby,571
Infobox Circuit automobile,345
Infobox Saison de série télévisée,4683
Infobox Commune d'Iran,314
Infobox Route européenne,241
Infobox Refuge,385
Infobox Commune de Côte d'Ivoire,424
Infobox Ville du Japon,1816
Infobox Zone INSEE,925
Infobox Cap,878
Infobox Enzyme,585
Infobox Arrondissement d'Allemagne,391
Infobox Ville de Madagascar,1254
Infobox Nombre,300
Infobox Espace vert,2151
Infobox Mission spatiale,465
Infobox Gymnaste,731
Infobox Arrondissement de France,368
Infobox Ligament,220
Infobox Exoplanète,397
Infobox Médaille militaire,610
Infobox Créature,442
Infobox Fromage,724
Palette Constitution américaine,38
Infobox Ville de Grèce,368
Infobox Pédale d'effet,10
Infobox Surfeur,196
Infobox Opéra (œuvre),1029
Infobox Point de vue panoramique,27
Infobox Archéologue,119
Infobox Localité de France,452
Infobox Poème,289
Infobox Subdivision d'Helsinki,155
Infobox Arme,699
Infobox Chanson,179
Infobox Concept socio-fiscal,60
Infobox Assemblée,1091
Infobox Art martial,147
Infobox Foire,34
Infobox Ville d'Haïti,144
Infobox Traité international,285
Infobox Nom coréen,139
Infobox Séries de hockey sur glace,110
Infobox Commune de Chypre,35
Palette Rites de l'Église catholique,19
Infobox Juridiction christianisme/wd,24
Infobox Rameur handisport (aviron),17
Infobox Étape du Tour de France,191
Infobox Conseil européen,61
Infobox Domaine de premier niveau,147
Infobox Réseau de diffusion,61
Infobox Circonscription électorale de Turquie,88
Infobox Méthode scientifique,235
Infobox Polytope,46
Infobox Document pontifical,90
Chronologie naissance par année,796
Infobox Pulsar,10
Infobox Veine,192
Infobox Titre de livre-jeu,54
Infobox Nerf,239
Infobox Route/Nouvelle-Écosse,109
Infobox Pipeline,62
Infobox Commune de Somalie,28
Infobox Lymphe,21
Infobox Plaque tectonique,65
Infobox Temple égyptien,69
Infobox Record sportif,102
infobox Saison de foot,26
Infobox Famille de protéines,70
Infobox Initiative suisse,210
Infobox Diffusion,23
Infobox Localité d'Espagne,195
Infobox Éphéméride,168
Infobox Liste de joueurs,18
Infobox Star Wars,121
Infobox  Localité de Suisse,1
Infobox Roche,52
Infobox Pluie de météores,15
"Infobox Archives
<!-- EN-TÊTE -->",78
Infobox District du Brésil,11
Infobox Cinéma (série de films),227
Infobox Style architectural,13
Infobox Constellation,95
Infobox Council area,38
Infobox Fuite d'information,14
Infobox Ville d'Irlande du Nord,18
Infobox Élus commune,119
Infobox Raion d'Azerbaïdjan,67
Infobox Maladie génétique,50
Infobox Épreuve d'athlétisme,57
Chronologie musique,238
Infobox Géographie nationale,37
Infobox Comitat du royaume de Hongrie,105
Infobox Voblast de Biélorussie,6
Infobox Commune d'Oman,9
Infobox Pays Bretagne,38
Infobox Région du Brésil,5
Infobox Législature du Luxembourg,6
Infobox Jeux olympiques,87
Infobox Région de Madagascar,23
Infobox Ancienne municipalité canadienne,45
Infobox Élément/Oganesson,1
"Infobox Maison d'édition
<!--  Consultez [[Modèle:Infobox Maison d'édition]] pour mettre à jour le modèle. -->",48
Infobox Élément/Baryum,1
Infobox Mission Apollo,5
Infobox Exposition2,4
date,3
Infobox Supporters de club de football,26
Infobox Type MBTI,17
è,1
Infobox Mur de l'Atlantique,10
Infobox Fonte,101
Infobox Vidéaste Web,197
Infobox Route projet,4
infobox Anatomie,3
infobox conflit militaire,38
Infobox Voie d'escalade,30
Infobox Jeux paralympiques2,14
Infobox Division administrative de Corée du Nord,27
Infobox Socket,68
Infobox Gouvernorat tunisien,25
Infobox Compétition de sport électronique,48
infobox École,11
Infobox Amt du Danemark,13
Polyèdres prismes bd,14
Infobox Secteur pavé,41
Infobox Département d'Uruguay,20
Infobox Rune,25
Palette Cinq articles de remontrance,4
infobox ouvrage,10
Infobox Série mondiale,22
Infobox Route/Algérie,54
Infobox Commune de Somaliland,16
Infobox Produit du terroir,5
Infobox Décision de la Cour suprême du Canada,29
Infobox Critique presse,15
Chronologie économie,26
Infobox Papyrologue,2
Infobox Convois WWII,21
Infobox Projet urbain,25
Infobox Facteur de la coagulation,10
infobox Logiciel,30
Infobox Paroisse d'Andorre,7
Infobox Marionnette,19
Infobox Joueur de water-polo,20
"Infobox Star Wars
<!-- TITRE DE LA BOITE -->",4
Infobox Élément/Rhénium,1
infobox Hôtel,2
Infobox Province de Mongolie,21
Infobox Épice,23
Source insuffisante,3
Infobox Région du Chili,16
Palette Naissance des étoiles,14
Infobox Syndicat de la Coupe de l'America,18
titre noble,1
Infobox Élément/Magnésium,1
Langue de titre,9
date-,4
Admissibilité à,1
Infobox Section communale d'Haïti,2
Infobox Secteur de Bucarest,6
infobox Politicien,4
titre  mis en forme,1
"Infobox Biographie2   
<!--  {{Infobox Écrivain   -->",1
Infobox Législature fédérale suisse,2
Infobox Minéral/2,3
Infobox Province du Costa Rica,7
Infobox Éclipse,5
Infobox Ville des Royaumes oubliés,3
Palette Précambrien,2
titre  en italique,1
Infobox Division du Bangladesh,8
Infobox Gène,3
En arabe,1
style,2
Infobox Fiction audio,2
Infobox Élément/Tungstène,1
Infobox Document d'identité <!-- Il ne s'agit pas d'un document d'identité -->,3
Infobox Élément/Polonium,1
Infobox Personnage des Royaumes oubliés,6
"Infobox Musique (artiste)
<!-- | charte            = vocal -->",1
Infobox Lieu des Simpson,5
palette Cosmologie,2
Infobox Élément/Untriunium,1
"Infobox Biographie2
<!--   {{Infobox Cinéma  (personnalité)  }} -->",1
Infobox Élément/Unbiseptium,1
Infobox Maison d'édition<!-- Consultez [[Modèle:Infobox Maison d'édition]] pour mettre à jour le modèle. -->,1
Infobox Biographie/Bac à sable,1
infobox Relief,1
Chronologie gymnastique,4
Infobox Réseau IRC,7
Infobox Autogire,3
"Infobox Maison d'édition
<!--  Consultez {{m|Infobox Maison d'édition}} pour mettre à jour le modèle.  -->",2
Infobox Élément/Astate,1
Infobox Gasconha,1
Infobox Assemblée délibérante de France,3
Infobox Tournoi de sumo,1
infobox Sportif,5
infobox Sanctuaire religieux,4
Infobox Technopôle,4
Infobox   Récompense,2
Album ratings,3
"Infobox Biographie2 
<!-- {{Infobox Cinéma (personnalité) -->",4
Infobox Élément/Hydrogène,1
infobox Golfeur,2
Infobox Élément/Oxygène,5
Infobox Planète/Mars,2
nihongo,1
Infobox Route/BC,3
"Infobox Localité
<!--  | alt maxi     = 229 -->",1
Années en Écosse,1
infobox Animateur audiovisuel,2
Palette Juifs et Judaïsme,1
Infobox  société,1
Infobox  Monument,1
Infobox  Ouvrage,1
Infobox Compteur exoplanètes,1
infobox Sport olympique,1
infobox Géographie de Mars,1
Infobox Route/SK,1
"Infobox Localité
 <!-- sauf noms en double et lien vide : -->",1
infobox Architecte,1
"Infobox Biographie2
<!-- {{Infobox Miss     }} -->",1
Infobox Prélat catholique,2
Infobox Centrale <!-- A COMPLETER -->,1
Infobox Cinéma (film)                    <!--   {{harflertydig7}}   -->,1
"Infobox Cinéma (film) <!-- Laissons l’infobox ainsi, pour faciliter la relecture. Merci ! -->",1
Infobox Élément/Platine,1
Infobox Planète/Lune,1
"Infobox Biographie2 
<!-- {{Infobox Cinéma (personnalité) }} -->",1
"Infobox Biographie2
<!--Données introduites dans Wikidata. Ne rien ajouter ci-après.-->",1
Voie homonymes,1
"Infobox Personnalité politique
<!-- Fonctions -->",1
Infobox Biographie2    <!-- {{Infobox Scientifique   -->,1
infobox Étoile,1
Infobox Élément/Néon,1
"Infobox Association <!-- Mode d'emploi, voir http://fr.wikipedia.org/wiki/Mod%C3%A8le:Infobox_Association/Documentation -->",1
"Infobox Biographie2  
<!--  {{Infobox Musique classique (personnalité)}}  -->",1
Infobox Élément/Prométhium,1
Lang,1
"Infobox Chaîne de télévision
 <!--| couleur boîte           = 3B3B3B-->",1
Infobox Musique  (artiste),1
méta infobox navigation,1
Infobox Équipe nationale de water-polo,15
Infobox Arrêt de la Cour suprême des États-Unis,26
Infobox Zone thématique,18
Infobox Caractère Unicode,88
Infobox Figure historique des Trois Royaumes,39
Infobox Linguiste,110
Chronologie fantasy,79
Infobox État du Mexique,37
Infobox Région électorale pour l'assemblée nationale du pays de Galles,5
Infobox Prénom japonais,24
Infobox Échangeur/Lua,7
Infobox Religion par pays,11
Infobox Élément/Holmium,1
Infobox École de samba,48
"Infobox Biographie2  
<!-- {{Infobox Cinéma (personnalité) }} -->",2
"Infobox Biographie2
<!--
| nom                 = Eugène Schueller
| image               =
| date de naissance   = {{date de naissance|20|mars|1881}}
| lieu de naissance   = [[Paris]] ([[France]]) 
| date de décès       = {{date de décès|23|août|1957|20|mars|1881|oui}}
| lieu de décès       = [[Paris]] ([[France]]) 
| âge au décès        = 76 ans
| nationalité         = [[France|Française]] 
| profession          = [[Homme d'affaires]]  
| hommage             = chevalier de la [[Légion d'honneur]]<br>[[Croix de guerre 1939-1945|croix de guerre]]
| activités autres    =
  -->",1
Infobox Concept historique,34
infobox Musique (tournée),7
Infobox Ville de la république démocratique du Congo,18
Infobox Transport ferroviaire,75
Infobox_Philosophe,48
infobox Avion,2
Infobox Élément/Unbipentium,1
Infobox Élément/Cadmium,1
Infobox Ligne Maginot,247
infobox Musée,33
Chronologie tennis,12
Infobox Équipe nationale sportive,184
infobox Brasserie,1
"Infobox Biographie2
<!-- {{Infobox Musique (artiste) }} -->",1
infobox Missions ONU,2
"Infobox Norme juridique
<!-- PRESENTATION -->",38
Infobox Localité  de Suisse,1
Infobox Élément/Fermium,1
Infobox Arrondissement administratif de Belgique,45
Infobox Zone d'Éthiopie,63
Infobox Technologie d'assainissement,13
"Infobox Monument
<!-- Ne rien ajouter ci-après. Données introduites dans Wikidata -->",1
Infobox Combat de boxe,9
Infobox Fossile,111
Infobox Personnage (fiction) <!--Wikipedia:WikiProject Comics-->,1
Infobox Joueur d'échecs,21
Infobox Gouvernement autonomique d'Espagne,121
Infobox Commune d'Espagne,7189
Infobox Logiciel,4483
Infobox Station de métro,5509
Infobox Personnalité politique,36706
"Infobox Biographie2
<!-- {{Infobox Artiste }} -->",4
Infobox Localité du Burkina Faso,8522
Infobox Rugbyman,10735
Infobox Localité,87894
Infobox Ville de Chine,3347
Infobox Ville du Brésil,5238
Infobox Cratère,1028
Infobox Col,1486
Infobox Juridiction Indienne,371
Infobox Ville de Croatie,2972
Infobox Club de basket-ball,1472
Infobox Démographie,337
Infobox Groupement de collectivités européennes,39
Infobox Nuage,63
Infobox Fédération sportive,1623
Infobox Joueur de tennis,4138
Infobox Musique (festival),1245
Infobox Relief terrestre,263
Infobox Avion,845
Infobox Saint,3029
Infobox Unité lithostratigraphique,131
Infobox Cérémonie,1667
Infobox Architecte,1422
Infobox Concession ferroviaire britannique,20
Infobox Personnalité des sciences humaines et sociales,1121
Infobox Appareil photo argentique,125
Infobox Musée,6299
Infobox Quartier de Buenos Aires,49
Infobox Pongiste,86
Infobox Saison d'équipe cycliste,1113
Infobox Ville d'Irlande,535
infobox Gène,546
Infobox Centre commercial,473
Infobox Ville du Botswana,481
Infobox Sujet fédéral de Russie,92
Infobox Département du Burkina Faso,301
Infobox Patrimoine culturel immatériel de l'humanité,438
titre mis en forme,1449
Infobox Minéral,1000
Infobox Maladie,2334
Infobox Attractions,75
Infobox Bundesautobahn,178
Infobox Radio,1028
Infobox Localité de Suède,371
Infobox Glacier,574
Infobox Distillerie,157
Infobox Philosophe,614
Infobox Commune d'Égypte,75
Infobox Feu de forêt,39
Infobox Artéfact archéologique,324
Infobox Montagnes russes,508
Infobox Tableau Grand Chelem,1255
Infobox Météorite,93
Années aux États-Unis (2),225
Infobox Abbaye cistercienne,782
Infobox Joueur de snooker,210
Infobox Rivalité dans le sport,468
Infobox_Missile,181
Infobox Empereur romain,272
Infobox Match de football américain,505
Infobox Sport olympique,81
Infobox Document,36
Infobox Route/ON,81
infobox Monument,368
Infobox Membre du Conseil de la Fédération éthiopien,98
Infobox Voie de Belgique,18
Infobox Joueur de badminton,292
Infobox Wilaya d'Algérie,43
Infobox Province du Cambodge,22
Infobox Département du Paraguay,18
Infobox Composant ISS,27
Infobox Commune du Portugal,352
Infobox Localité de Russie,936
Infobox Usine,302
Infobox Missions ONU,40
Infobox Système d'exploitation,502
Infobox Groupe parlementaire,186
Infobox Matériel informatique,19
infobox Localité d'Ukraine,2
Infobox Département du Sénégal,47
Infobox Combiné nordique 2,50
Infobox Pierre runique,12
Infobox Traité,428
Infobox Univers de fiction,80
Infobox District du Portugal,18
Infobox Village (wieś) de Pologne,25
chronologie parcs de loisirs,149
Infobox Isotope,73
Infobox Conclave,113
Infobox Installation nucléaire,35
Infobox Équipe nationale de handball,178
Palette Potentiel thermodynamique,6
Infobox Notes de jeu vidéo,6
Infobox Agence européenne,43
Infobox Club de baseball,217
Infobox Échangeur,87
Infobox Nation aux Jeux,33
Infobox Localité d'Algérie,229
Infobox Clan,33
Infobox Joueur de sport gaélique,54
Infobox Conseil départemental,97
Infobox District du Liberia,67
infobox Conflit militaire,26
Infobox Structure unité,20
Infobox Religion v2,39
Infobox Cinéma (caméra),52
Navbox Sport,381
Infobox Chemin de fer touristique,76
Infobox Classement musical,20
Infobox État du Brésil,29
Chronologie ski,1
Infobox Cartouche,83
Chronologie jeu vidéo,6
infobox Famille noble,2
infobox Élection,3
Infobox Composant station spatiale Lunar Gateway,4
Wikidata Infobox,21
Infobox Tribunal,68
Infobox Vidéaste web,271
Infobox Pandémie,227
Infobox Mission ravitaillement spatial,30
Infobox Ancienne commune du Luxembourg,49
Infobox Haplogroupe,14
Infobox Point chaud,25
Filtrage,6
infobox Poème,1
Infobox Région du Cameroun,12
"Infobox Saison de handball
 <!-- Paramètres d'affichage -->",21
Infobox Éruption volcanique,40
Infobox Élément/Mendélévium,1
Infobox Opéra (compagnie),19
Infobox Géants de processions et de cortèges,17
Infobox Commune d'Argentine,868
Infobox Aérostat,55
Infobox Magnétosphère,3
Infobox Cégep,66
"Infobox Maison d'édition
<!-- Consultez [[Modèle:Infobox Maison d'édition]] pour mettre à jour le modèle. -->",28
infobox Nageur,2
"Infobox Biographie2
<!-- {{Infobox Cinéma (personnalité)  }} -->",5
Infobox Oblast d'Ukraine,25
Infobox Catch (spectacles),23
Chronologie basket-ball,2
Infobox Tournoi de badminton,4
Infobox État du Venezuela,25
Infobox Éphéméride mois de l'année,13
Infobox Région de France,18
Infobox Communauté autonome d'Espagne,20
Infobox Animal dans la culture,8
unité,2
Infobox Épave,11
Palette Parc Disney réduit,3
Infobox Acquisition,5
"Infobox Planète mineure
<!-- PRÉSENTATION GENERALE -->",1
Infobox Route/États-Unis–Interstates,32
Infobox Livre du Disque-Monde,10
Chronologie chemins de fer,5
Infobox Site d'intérêt scientifique particulier,2
DISPLAYTITLE:Groupe Samse,1
Infobox Châtaignier,12
Infobox Club de sports gaéliques,49
Infobox Deaflympics,44
Infobox Subdivision de l'île de Man,24
Infobox Montre,25
infobox Biographie,4
Infobox District d'Israël,6
Infobox Région de Hongrie,9
Infobox Province de Suède,24
Infobox Koryu bujutsu,15
Infobox Camping,10
Infobox Province de Zambie,10
Infobox Amphoe,38
Infobox Spot de surf,15
Infobox iPod,7
Infobox  Musique (artiste),4
Infobox Région du Burkina Faso,18
grec ancien,1
Infobox District du Rwanda,3
infobox Série télévisée,6
Infobox Quartier de Québec,1
infobox Cinéma (film),16
Infobox Secteur de l'Antarctique,5
Cycling race/teamseasoninfobox,21
Infobox Élément/Uranium,3
Ancre,3
Infobox Configuration minimum,1
Infobox Province de Turquie,82
"Infobox Cycliste
<!-- |épouse=Jaci Hoffman (m. 1993)-->",1
Infobox  Récompense,4
Infobox Députations provinciales d'Espagne,17
"Infobox Musée
 <!-- | nom                = Atelier-Musée de l'imprimerie -->",1
Infobox Route/FL,5
Infobox Élément/Darmstadtium,1
Infobox  Personnalité politique,6
infobox Rugbyman,2
infobox Joueur de poker,1
Infobox Planète Fondation,4
infobox Veine,1
Infobox Élément/Manganèse,1
Infobox Élément/Chlore,1
Palette Chronologie Marvel,1
"Infobox Artillerie<!-- All data from Schmidtchen (1977), pp. 164–166 -->",3
Infobox District du Kosovo,1
infobox Météorite,14
infobox Arme,2
Chronologie sport hippique,3
Infobox Communauté territoriale d'Ukraine,2
Infobox  biographie2,5
Infobox Géographie de Neptune,2
Infobox BUT,1
Infobox  Agence gouvernementale,1
Coord2,1
"Infobox Maladie<!-- L'infobox donne des références et codes, ne pas supprimer merci.-->",1
lang-ar,2
"Infobox Biographie2    
<!-- {{Infobox Cinéma (personnalité) -->",1
"Infobox Musée
<!--|nom=Musée des Beaux-Arts de Limoges, palais de l’Évêché-->",1
"Infobox Artiste
<!--Données introduites dans Wikidata. Ne rien ajouter ci-après.-->",1
"Infobox Biographie2
<!--  {{Infobox Écrivain  }}  -->",1
Infobox_Logiciel,2
Infobox Équipe nationale de bandy,3
infobox Usine,1
Infobox Niveau de plongée,14
infobox Compagnie aérienne,1
"Infobox Biographie2  
<!-- {{Infobox    }} -->",1
"Infobox Biographie2
<!--   {{Infobox Cinéma (personnalité)  }}    -->",1
"Infobox Monument
 <!--| nom                    = Centre de délassement de Marcinelle
 | nom local              = 
 | image                  = Piscine en plein air Marcinelle Charleroi.jpg
 | légende                = Vue aérienne de la piscine du centre.
 | style                  = 
 | type                   = 
 | architecte             = [[Jacques Depelsenaire]]
 | ingénieur              = 
 | hauteur                = 
 | date de construction   = 1958
 | commanditaire          = 
 | propriétaire           = 
 | destination initiale   = Centre de loisirs
 | destination actuelle   =
 | date de démolition     = 
 | classement             = 
 | site                   = 
 | pays                   = {{Belgique}}
 | région                 = {{BE-WAL}}
 | subdivision            = {{BE-WHT}}
 | intitulé subdivision   = [[Province de Belgique|Province]]
 | subdivision2           = 
 | intitulé subdivision2  = 
 | commune                = {{Charleroi drapeau}}
 | intitulé commune       = [[Commune (Belgique)|Commune]]
 | adresse                = avenue des Muguets, 16<br/>Marcinelle
 | stationnement          = 
 | gare                   = 
 | métro                  = 
 | tram                   = 
 | bus                    = 
 | latitude               = 50.372967
 | longitude              = 4.462390
 | géolocalisation        = Belgique/Charleroi
 | type2                  = -->",1
"Infobox Biographie2
<!-- ne pas retirer, wikidata ne prend pas en compte le genre ""genderqueer"" ou ne gère pas les pronoms, ce qui donne la mauvaise traduction -->",1
Infobox Région des Royaumes oubliés,2
"Infobox Biographie2  
<!-- {{Infobox Écrivain }} -->",1
infobox Aristocrate,1
Infobox Élément/Hafnium,1
Infobox Élément/Sodium,1
"Infobox Biographie2  
<!-- {{Infobox Cinéma (personnalité)}} -->",1
"Infobox Série télévisée
 <!-- | type                       = [[série télévisée d'animation]] -->",1
"Infobox Biographie2
<!-- {{Infobox Écrivain  }} -->",2
Infobox OS,2
"Infobox Biographie2
<!--  {{Infobox Écrivain }}   -->",1
"Infobox Spectrographe
<!-- PRÉSENTATION GÉNÉRALE -->",1
nombre,1
"Infobox Biographie2
 <!-- | charte            = compositeur -->",1
Infobox Élément/Rhodium,1
nobr,1
"Infobox Biographie2  
<!-- {{Infobox Artiste  }} -->",1
Infobox Élément/Krypton,1
"Infobox Saison de foot
<!-- 
COULEURS ET MOTIFS DES TROIS MAILLOTS. DOCUMENTATION SUR [[Modèle:Football kit]] -->",1
Infobox  Période historique,1
Infobox Planète/Mercure,1
Infobox Société <!-- Merci de laisser l'infobox entière -->,1
Infobox Élément/Carbone,1
"Infobox Biographie2
<!-- {{Infobox Cinéma (personnalité) }}  -->",1
Infobox Dénomination chrétienne,1
"Infobox  Biographie2    
<!-- {{Infobox Cinéma (personnalité)    -->",1
Langue,1
infobox Créature,1
Infobox Élément/Copernicium,1
Infobox Élément/Erbium,1
Infobox Élément/Plutonium,1
Infobox Daïra d'Algérie,498
Infobox Deux écrivains,46
Infobox Astre,111
Infobox Arbre remarquable,92
Infobox Économie,209
Infobox Moteur,198
Infobox Musique2 (artiste),7
minuscule,30
Infobox Sélection olympique,29
Infobox Atelier ferroviaire,22
Infobox Auteur de livre-jeu,36
Infobox Région du Haut-Karabagh,7
Infobox Variété de pomme de terre,56
Infobox Élément/Lanthane,1
Infobox Protocole réseau sur la couche application,46
Infobox Ville de Papouasie-Nouvelle-Guinée,35
article équivalent stratigraphique,8
Infobox Jeux olympiques de la jeunesse,9
Infobox Saison de hockey sur gazon,21
Infobox Grande région suisse,6
Infobox  Artiste,6
Infobox État d'Autriche,11
Chronologie journalisme,3
Infobox Province du Zimbabwe,8
Infobox Système d'écriture,160
infobox Tunnel,1
Cycling race/teaminfobox,9
Infobox Cinéma (projecteur),4
Infobox District du Botswana,33
"Infobox Gymnaste 
<!--Pour les instructions consultez [[Modèle:Infobox Gymnaste]]-->",46
Infobox Mégalithe,2006
infobox Localité d'Allemagne,2
Infobox Subdivision de Taïwan,6
Infobox Joueur de jeux vidéo,100
Infobox  Ville de Pologne,1
Palette Responsabilité civile en France,22
Infobox Ville d'Australie,906
"Infobox Localité
<!-- TITRE -->",1
Infobox Arsenal nucléaire,16
Infobox Société secrète,25
Infobox  Route,10
Infobox Musique (tournée),478
infobox Organisation2,99
Infobox Art,11443
Infobox Nation aux Jeux olympiques,4047
Infobox Cours d'eau,14079
Infobox Distinction,675
Infobox Pornographie (personnalité),1084
Infobox Municipalité du Canada,4470
Infobox Édifice religieux,16288
Titre mis en forme,6892
Infobox Jeu de données,104
Infobox Joueur de futsal,213
Infobox Circonscription électorale du Canada,1728
Infobox Division administrative de Corée du Sud,216
Infobox Commune du Nigeria,776
Infobox Joueur de volley-ball,3827
Infobox Biographie 2,1324
Infobox Race,2523
Infobox Gare,11552
Infobox Côte,92
Infobox Ville de Bosnie-Herzégovine,6200
"Infobox Gymnaste
<!--Pour les instructions consultez [[Modèle:Infobox Gymnaste]]-->",999
Infobox Quartier,4026
Infobox Aéroport,4528
Infobox Satellite naturel,265
Infobox Association,2183
Infobox Voie parisienne,6397
Infobox Joueur de squash,953
Infobox Localité de Belgique,3444
Infobox Commune du Mexique,433
Infobox Résolution de l'ONU,963
Infobox Pays Loi LOADDT,169
Infobox Relations bilatérales,1355
Infobox Revue,1315
Infobox Localité de Macédoine du Nord,1526
Infobox Lac,5278
Infobox Aristocrate médiéval,621
Infobox Pyramide égyptienne,77
Infobox Ville du Venezuela,745
Infobox Mésorégion du Brésil,86
Chronologie santé et médecine,941
Années,1331
Infobox Barrage,1350
Infobox Voie de Marseille,316
Infobox Tournoi de snooker,410
Infobox Monument Rome Antique,270
Infobox Arrondissement judiciaire du Luxembourg,2
Infobox Événement historique,338
Infobox Groupe ethnique,1801
Infobox Zone d'administration locale d'Australie,147
Infobox Titre de noblesse,121
Infobox Espace vert2,550
Infobox Criminel,667
Infobox Plan d'eau,420
Infobox Mine,716
Infobox Circonscriptions de l'Assemblée de Londres,14
Infobox Arènes,92
Infobox Voie de Paris,337
Infobox Catch (titre),238
Infobox Mémorial militaire,93
Infobox Artillerie,451
Infobox Miss,338
Infobox Pilote de Rallye,180
Infobox Catholicos de l'Église apostolique arménienne,56
Infobox Équipe nationale de volley-ball,275
Chronologie télévision,88
Infobox Boisson,449
Infobox Émission de radio,169
Infobox Centre de congrès,116
Infobox Arme à feu,463
Infobox Nation en compétition continentale de Handball,179
Infobox Golfeur,424
Chronologie en sociologie,80
Infobox Pilote sur circuit,63
Infobox Télescope,129
Infobox Route/NB,186
Infobox Saison de foot,1761
Infobox Géographique (pays),157
Infobox Campus,81
Infobox Ère chinoise,34
Infobox Saison du Football Canadien,67
infobox compétition sportive,71
Infobox Artère,212
Infobox Club sportif,455
Infobox Géographie de Triton,25
Infobox Encyclopédie,52
Infobox Archives,107
Infobox Maison,575
Infobox Orgue,56
Infobox Entreprise,151
Infobox Ville du Viêt Nam,133
Infobox Province de Bolivie,112
infobox Cours d'eau,18
Infobox Maison princière,273
Infobox Essai nucléaire,69
Infobox Type de bateau,52
Infobox Route/AB,5
taxobox début,122
Infobox Équipe nationale féminine de football,20
Infobox Province du Maroc,75
Infobox District de Tanzanie,5
Infobox CART World Series,7
Chronologie mathématiques,14
Infobox Nation aux Deaflympics,52
Infobox Route/Terre-Neuve-et-Labrador,134
palette Années,389
Infobox Document d'identité,228
Infobox Écluse,33
Infobox Éclipse solaire,108
Infobox Adhésion à l'Union européenne,39
Titre mis  en  forme,19
Infobox District fédéral de Russie,9
Infobox Famine,40
Infobox Duo Comique,13
Infobox Municipalité de Bosnie-Herzégovine,22
quand,1
Infobox Province de Thaïlande,76
Semi-protection longue,60
Infobox Sourate,114
Infobox Tribu du Maroc,24
Infobox Livre de la Bible,67
Infobox Porte de Paris,62
Infobox Réserve de biosphère,79
Infobox Division sénatoriale du Canada,49
Infobox Système éducatif,36
Infobox CBT,48
Infobox Puits de mine,30
Infobox Députés département,2
infobox Appareil informatique,5
Infobox Éphéméride du sport,8
infobox Personnalité politique,18
Infobox Voivodie de Pologne,51
Infobox Personnage de One Piece,9
Infobox Obélisque,28
Infobox Producteur,3
infobox organisation2,36
semi-protection étendue,17
Palette Catégories du CIRC,6
Infobox Équipe nationale de hockey sur glace,154
Chronologie badminton,10
Infobox Club d'escrime,16
Infobox Jeu de cartes,14
Infobox District de Londres,32
Infobox Route/Lua,8
Infobox Appellation de pomme de terre,24
Infobox Seigneurie,32
infobox Rose,2
Infobox Licence,42
Infobox Province des Pays-Bas,12
Infobox Circonscription législative russe,2
Infobox Commission européenne,25
infobox Matériel ferroviaire/Début,1
Infobox Budget,18
Titre mis en  forme,17
Chronologie athlétisme,3
"Infobox Saison de handball

 <!-- Paramètres d'affichage -->",14
2,1
Infobox Codage de caractères,8
Infobox Master,13
Infobox Comté d'Irlande,23
Infobox Élément/Protactinium,1
Infobox Épisode biblique,13
"Infobox Stade
<!-- Merci de sourcer les surnoms, les surnoms non sourcés seront supprimés-->",2
Infobox Élément/Tantale,1
Infobox Province de Finlande,7
"Infobox Biographie2
<!-- {{Infobox Artiste}}   -->",1
Infobox District du Luxembourg,4
Infobox Fusée-sonde,13
Infobox_Stade,9
Infobox Joueuse de volley-ball,1
Infobox Études secondaires,14
infobox Langue,6
Date,3
Infobox Province du Kirghizistan,1
Infobox  Art,1
Infobox Compétition  sportive,1
Infobox Légume,3
Infobox    Musique  (festival),1
Infobox Quartier de la république démocratique du Congo,1
Infobox Élément/Néodyme,1
infobox Unité militaire,6
Infobox Élément/Bohrium,1
Infobox Élément/Fluor,1
"infobox Biographie2
<!-- Fonctions -->",1
"Infobox Cinéma (personnalité)
<!--| image         = File William_Powell_in_Libeled_Lady_trailer.jpg-->",1
Infobox Territoire de la république démocratique du Congo,3
Infobox Concession du Bassin minier du Nord-Pas-de-Calais,1
Infobox Monument historique roumain,3
Infobox Séisme<!-- Séisme majeur de 2013. -->,1
Infobox Maison d'édition <!--  Consultez [[Modèle:Infobox Maison d'édition]] pour mettre à jour le modèle.  -->,2
Infobox Géographie planétaire,6
Chronologie de l'Asie,7
infobox Musique classique (personnalité),1
"Infobox Artillerie<!-- All data from Schmidtchen (1977), pp. 221f. -->",1
Infobox Mecha,2
Infobox Élément/Unbiennium,1
Infobox Élément/Francium,1
Infobox Élément/Zirconium,1
Infobox Pilote de rallye,1
Infobox Cinéma  (personnalité),8
infobox Ville du Royaume-Uni,3
Infobox    Récompense,1
Infobox   Cours d'eau,1
infobox Média,2
Ve,1
"Infobox Satellite naturel
<!-- Présentation générale -->",1
Infobox Élément/Unquadbium,1
Infobox Élément/Untrinilium,1
Infobox Élément/Seaborgium,1
Infobox Élément/Cérium,1
Infobox Biographie 2<!--- Politicien --->,1
Infobox Élément/Radium,1
Infobox Élément/Nickel,1
Frise chronologique de l'histoire de Bavière,1
"Infobox
<!--  Consultez [[Modèle:Infobox Maison d'édition]] pour mettre à jour le modèle.  -->",1
Infobox Championnats de karaté,1
Infobox Bloc de programmation TV,1
Lang-hu,1
Infobox Jeu vidéo/Archive V4,1
Infobox Accident de transport<!-- Accident ferroviaire majeur -->,1
infobox Vallée,1
"Infobox Biographie2
<!-- {{Infobox Cinéma (personnalité) -->",1
Infobox_Rôle monarchique,1
infobox Géants du Nord-Pas-de-Calais,1
IIe siècle av. J.-C.,1
"Infobox Ouvrage<!--Livre
| auteur = [[Augustin Barruel]]
| genre = [[Essai]]
| titre_orig = 
| pays = 
| titre = Mémoires pour servir à l'histoire du jacobinisme
| éditeur = 
| dateparution = [[1797]]-1799
| image = 
| légende = 
| dessinateur = 
| artiste_couverture =  
| série = 
| collection = 
| type_média = 
| pages = 
| isbn =
| précédent = 
| suivant = 
-->",1
"Infobox Décision juridique

<!-- PRESENTATION -->",1
"Infobox Musée
 <!-- | nom                = Museum of original figurines -->",1
Infobox Élément/Technétium,2
infobox Mine,4
Infobox Biographie 2 <!--- Politicien --->,1
Infobox  Voie parisienne,1
Infobox Personnalité  politique,1
infobox  Biographie2,1
Infobox Station de métro <!--Attention: On ne sait pas quand exactement la 2ème phase de la ligne 3 sera inaugurée. Le gouv dit que l’inauguration possible sera pendant la 4ème quart.-->,1
infobox Divinité,1
"Infobox Biographie2     
<!--
 | charte            = classique
 | nom               = Thomas Abel Brimage Spratt   -->",1
Infobox Élément/Praséodyme,1
Infobox École,1457
Infobox Province du Viêt Nam,57
Infobox Observatoire,399
Infobox Drapeau,629
databox,70
Infobox Religion,61
Infobox Équipe nationale de roller in line hockey,6
Infobox Bretagne,2
Infobox Bachelor's degree,9
"Infobox Commune d'Égypte
 <!-- | nom                      = Banha -->",1
Infobox Comté de Suède,6
ancre,2
Infobox Membre de Chambre de la fédération d'Éthiopie,6
Infobox Route/Manitoba-p,16
Infobox Véhicule Spatial,49
"Infobox Localité
<!-- | image         = B3056 passing Stephill Bottom - geograph.org.uk - 1123669.jpg
| légende image = La B3056 à Stephing Bottom, paysages de landes de bruyères.
-->",1
Infobox Région d'Italie,13
Infobox Connectique,36
Infobox Équipe du State of Origin,2
Cycling race/infobox,416
Infobox Gouverneur de la Régence d'Alger,27
Infobox Oléicole,15
palette Droit des personnes en France,1
"Infobox Biographie2
<!--  {{Infobox Musique classique (personnalité) }}  -->",1
infobox musique (œuvre),16
Infobox District du Kenya,7
Infobox Voie de Mulhouse,5
Infobox Élément/Fer,1
Chronologie volley-ball,8
Infobox District de Russie,512
palette Modèle CGHS,1
Infobox Logiciel          <!-- Les champs présents dans cette liste sont les seuls à pouvoir apparaître dans l'infobox. Inutile donc d'en rajouter. -->,7
Chronologie parcs de loisirs,5
Infobox Planète/Vénus,1
Infobox Musique (studio),39
Infobox Élément/Soufre,1
Infobox Municipalité de Nouvelle-Zélande,1435
Infobox Technique de fiction,4
Infobox Hôpital,807
Infobox Continent,32
Infobox film,7
Infobox Biographie2,318675
Infobox Cinéma (personnalité),40276
Infobox Ville de Pologne,24189
Infobox Musique (œuvre),45415
Infobox Organisation2,17728
Infobox Footballeur,59513
Infobox Hôtel,808
Infobox Monument,40351
Infobox Ville du Kosovo,1445
Infobox Commune du Cameroun,6709
Infobox Commune du Mali,921
Infobox Cyclone,343
Infobox Ancienne commune des Pays-Bas,319
infobox Artiste,265
Infobox Commune d'Italie,8144
Infobox Subdivision administrative,4284
Infobox Hymne,215
Infobox Prélat catholique,9646
Infobox Musique classique (personnalité),5798
Infobox Subdivision,1250
Infobox Cépage,557
Infobox Voie de New York,106
Infobox Escrimeur,1585
Infobox Biographie,6779
Infobox Égyptologue,95
Infobox Musique (discographie),652
Infobox compétition sportive,1045
Infobox Joueur de rink hockey,436
Infobox Compagnie aérienne,1453
Infobox Désert,79
Infobox Matériel ferroviaire/Début,1753
Infobox Temple hindouiste,104
Infobox Parfum,57
Infobox Objet astronomique,8598
Infobox Commune de Slovaquie,2956
Infobox Localité d'Autriche,377
Infobox Musique (style),1030
Infobox Avion militaire,2498
Infobox Gorge,189
Infobox Conflit militaire,10187
Infobox Musique classique (ensemble),594
Infobox Microrégion du Brésil,313
Infobox Équipe de cricket,65
"Infobox Norme juridique
<!-- PRÉSENTATION -->",4
Infobox Station de radio,360
Infobox Saison de basket-ball,565
Infobox Commune de Suisse,2160
Infobox District congrès US,640
Infobox Sport,212
Infobox Port,574
Infobox Province d'Espagne,44
Navbox Générale,211
Chronologie catholicisme,235
Infobox Produits du terroir,198
Infobox Arrondissement judiciaire de Belgique,28
Infobox Commune du Danemark,200
Infobox Affaire criminelle,506
Palette Chronologie du jeu vidéo,52
Infobox Commune du Chili,364
Infobox Comic book,349
Infobox Site archéologique,2696
Infobox Freguesia du Portugal,626
Infobox Bilan équipe nationale,248
Infobox Province du Burkina Faso,44
Infobox Pilote de Vitesse moto,237
Infobox Partido Argentine,131
Infobox District de Bogota,21
Infobox Rivière,244
Infobox Commune du Liban,251
Infobox Département du Tchad,98
Infobox Ville d'Estonie,427
Infobox Prénom,344
Infobox Mission diplomatique,669
Infobox Wieś de Pologne,186
Infobox Voie de Versailles,25
infobox Musique (artiste),11
Infobox Joueur de cricket,113
Infobox Ville de l'Inde,867
Infobox Militant,204
Infobox Saison cyclonique,105
Infobox Circonscription législative française,830
Infobox Tapis persan,35
Infobox Radar,83
Infobox Nation à la Coupe du monde de football,410
Maladie génétique,210
Infobox Club de rink hockey,78
Infobox Étape du Tour d'Italie,121
Infobox Danse (œuvre),45
Infobox Série télévisée détaillée,522
Infobox Train de voyageurs baptisé,193
Infobox Établissement scolaire,375
Infobox Guitare,54
Infobox Course de NASCAR,50
Infobox Ville de Dominique,22
Infobox Classe navire de guerre,1588
Infobox Route/Québec,206
Infobox Province d'Italie,132
Infobox Joueur de go,57
Infobox Bassin versant,60
Palette Chronologie croisades,208
Palette Chronologie du jeu,61
Infobox Parlement,46
Infobox Micro-région de Hongrie,349
Infobox Quartier canadien,367
Infobox Moine militaire hospitalier,185
Infobox Ville du Togo,246
Infobox Commune de Norvège,518
Infobox Ville des Philippines,236
Infobox Amphithéâtre Rome Antique,68
Infobox Organisation criminelle,211
Infobox Territoire de la République démocratique du Congo,147
"Infobox Biographie2
<!-- {{Infobox Artiste}} -->",5
Infobox Sport par localisation,151
Infobox Fortification Séré de Rivières,193
Infobox Cinéma (technologie),30
Infobox Armoiries,206
Infobox Église protestante,70
Infobox Concert du nouvel an,86
Infobox Commune de la République démocratique du Congo,104
Infobox Saison WTA,46
Infobox Géographie de Mars,96
Infobox Intervention,63
Infobox Match de basket-ball,132
Infobox MMA event,30
Infobox Période historique,45
infobox Maladie,33
Infobox Réseau routier,91
Infobox Carte à jouer,57
Infobox Gens,96
Infobox Monument de la Grèce antique,18
Infobox Route/Hongrie,12
Infobox Commune de Belgique,687
Article,3
Infobox État de l'Inde,47
Infobox Épidémie,76
Infobox Binaire X,5
Infobox Subdivision du Népal,96
Infobox Géographie de Vénus,399
Infobox Match de rugby à XV,19
Infobox_Batteries,4
Infobox Équipe nationale de football,976
Infobox Équipe nationale de baseball,54
Infobox Raion de Moldavie,34
infobox Sport,3
navbox Sport,1
"Infobox Ancienne entité territoriale 
<!-- TITRE DE LA BOITE -->",118
Infobox Signe du Zodiaque,23
Infobox Disque circumstellaire,12
Palette Dada et Surréalisme,152
Infobox Circonscription électorale française,50
infobox Gare,31
Infobox Double confrontation de football,100
Infobox Union,18
Infobox Conte populaire,41
Infobox Province du Pakistan,8
"Infobox Affaire criminelle
<!-- AFFAIRE-->",59
infobox Blindé,26
langue de titre,11
infobox Ordre religieux,2
Infobox Élément/Untrioctium,1
Infobox Économie sousdivision,7
Infobox Equipe de Patinage Synchronisé,9
Infobox Province d'Angola,18
"Infobox Décision juridique
<!-- PARAMETRES OBLIGATOIRES -->",15
",",12
Chronologie boxe anglaise,32
Infobox Raffinerie,57
Infobox Cheminée,33
Infobox Ville de Corée du Nord,9
Infobox Signal d'ondes gravitationnelles,12
Infobox Circonscription électorale de Bulgarie,15
Infobox Comitat de Hongrie,20
infobox Motocyclette,2
Infobox Quartier de Belgique,9
Infobox Manuscrit,35
Infobox Province de Cuba,14
Infobox Pâte alimentaire,81
Infobox Rémanent de supernova,21
Infobox Région du Sénégal,14
Infobox Géographie de (1) Cérès,4
Infobox Zone de secours,24
Infobox Variété de houblon,5
infobox société,32
Infobox Musique (artiste) <!-- See Wikipedia:WikiProject_Musicians -->,1
Infobox Subdivision des Maldives,12
Infobox Commune de la république démocratique du Congo,3
Infobox Circonscription électorale de Hongrie,18
Infobox Appellation d'origine,4
Lien,1
Infobox Élément/Rutherfordium,1
Infobox Élément/Bore,2
Infobox Élément/Arsenic,1
Infobox Région du Québec,15
Chronologie de l'art,16
Infobox Canal ionique,8
"Infobox Élection
<!-- Infos élection -->",3
Infobox Équipe nationale de futsal,43
Infobox Course de Formule_1,1
Infobox Course de Rallycross,9
Infobox Élément/Hélium,1
Infobox Course de WTCC,13
"Infobox Biographie2
<!-- {{Infobox Artiste  }}  -->",1
Infobox Joueur de hockey sur gazon,5
Infobox Législature autonomique d'Espagne,9
infobox Site web,4
Infobox Calculatrice TI,16
Infobox Région de la Macédoine du Nord,4
"Infobox Affaire criminelle  
<!-- AFFAIRE-->",2
Infobox Isotope RMN,5
Infobox Biographie2,9
Infobox Élément/Américium,1
Infobox Électricité (pays),1
Infobox Élément/Strontium,1
infobox Barrage,3
infobox Ouvrage,4
Chronologie hockey sur gazon,22
Infobox Éolienne,4
Infobox Décharge,6
Infobox Ville statut controversé,3
citation,1
"Infobox Manuscrit
<!----------Nom---------->",1
Infobox Affaire judiciaire,2
"Infobox Saison de handball

<!-- Paramètres d'affichage -->",4
Infobox Planète/Uranus,1
Infobox Sport paralympique,5
Infobox church,3
Chronologie surf,2
Infobox Composé chimique,4
XXe siècle,1
Infobox Club d'échecs,1
Infobox_Monument,1
19e,1
Palette Périodisation précolombienne,4
Infobox Maladie animale,2
Infobox Région du Danemark,5
infobox Maison d'édition,1
Infobox Musique (artiste)<!-- See Wikipedia:WikiProject Musicians -->,1
"Infobox Musique classique (personnalité)
<!--MERCI DE BIEN LIRE LA DOCUMENTATION DU MODELE AVANT DE RENSEIGNER LES CHAMPS-->",2
Pertinence,1
Infobox Savoie,1
Infobox Climat,2
Carte avec géolocalisation multiple,2
Infobox Aéronef radiocommandé,4
Infobox Biographie2 <!--- Aristocrate médiéval --->,1
"Infobox Biographie2        
<!-- {{Infobox Cinéma (personnalité) }}  -->",1
Infobox Nation aux Jeux européens,5
Infobox Terril du Bassin minier du Nord-Pas-de-Calais,2
Infobox Élément/Thulium,1
Infobox_Conflit_militaire,4
Infobox Conseil du roi,1
Infobox Ancien arrondissement du Royaume-Uni,1
Infobox Élément/Cobalt,6
Palette Traités de la Guerre de Cents Ans,3
infobox Grand Prix moto,1
Infobox Élément/Unbioctium,1
infobox Centrale nucléaire,3
Années au Canada,1
semi-protection,1
"Infobox<!--Livre
| titre = Le Chevalier de Maison-Rouge
| auteur =[[Alexandre Dumas]]
| image = Dumas2.JPG
| genre = [[roman historique]]
| pays=[[France]] 
| éditeur =
| dateparution =[[1846]]
| légende = 
| dessinateur =
| artiste_couverture = 
| série = 
| collection = 
| type_média = 
| pages = 
| isbn = 
| précédent =
| suivant =
-->",1
"Infobox Médicament
<!--
  ***  Informations générales ***
-->",1
Infobox Élément/Untribium,1
"Infobox Biographie2
<!--Veuillez introduire les données directement dans Wikidata svp. C'est la fonction de cette infobox.-->",1
Infobox Lieu légendaire,3
infobox Mégalithe,1
Chronologie tennis de table,2
Voir parophone,1
Palette Classement musical,5
Infobox Élément/Antimoine,1
infobox Émission de télévision,1
"Infobox Localité
<!-- | site web = http://www.sidiyahiazares.ma/  site brisé (constaté le 20/03/2024)-->",1
infobox Planète mineure,1
"infobox Étoile
<!-- PRÉSENTATION GÉNÉRALE -->",1
Infobox Élément/Lawrencium,1
Infobox  Commanderie templière,1
Infobox Planète/Jupiter,1
Infobox Site d'essais militaires,6
Infobox Navette spatiale,17
Infobox Atmosphère,19
Infobox Nation aux Jeux du Commonwealth,90
chronologie théâtre,426
Infobox Marz d'Arménie,11
Infobox Vicariat apostolique,38
infobox Biographie 2,37
Infobox Éphéméride républicaine,365
infobox Système d'exploitation,7
Infobox Politicien,15223
Infobox Alliance aérienne,13
Infobox  Organisation2,18
Infobox Opération militaire,96
Infobox Rajons de Lettonie,26
infobox Mission diplomatique,241
traduction à relire,2
Infobox Région,69
Infobox District de la république démocratique du Congo,5
infobox Saint,3
Infobox Diocèse catholique,664
Infobox Moselstellung,39
Infobox Tournoi de golf,132
Infobox Solide de Johnson,93
Infobox Élément/Californium,1
Infobox Province ou territoire du Canada,14
Infobox Spationaute,645
Infobox Commune de Roumanie,180
Infobox Musique (récompense),61
Infobox Sportif,17708
Infobox Mets,2728
Taxobox début,149984
Infobox Animal,642
Infobox Ville des États-Unis,14005
Infobox Personnalité militaire,11613
Infobox Chaîne de télévision,2676
Infobox Ville de Serbie,4722
Infobox Journaliste,1046
VinoDOC,798
Infobox Organisation,2795
Infobox Événement,1373
Infobox Judoka,522
Infobox Course de Formule 1,1708
Infobox Pièce de théâtre,707
Infobox Commanderie templière,251
Infobox Centrale,527
Infobox Navire,8850
Infobox Stade,5331
Infobox Ville du Royaume-Uni,1419
Infobox Motocyclette,664
Infobox Rôle monarchique,2595
Infobox Divinité,1243
Infobox Commune de Hongrie,3159
Infobox Gouvernement,2510
Infobox Région naturelle,709
Infobox Animation et bande dessinée asiatiques/Entête,3836
Infobox Aristocrate,924
Infobox Ville du Gabon,68
Palette Années,3878
infobox Station de métro,15
Infobox Réseau de transport en commun,2222
Infobox Localité d'Allemagne,571
Infobox Risque,234
Infobox Saison par franchise MLB,339
Infobox Personnalité du football américain,3122
Infobox Communauté d'Arménie,929
titre en italique,2780
Chronologie de la science,532
Infobox Écurie automobile,572
Infobox Centrale nucléaire,303
Infobox Musique classique (œuvre),1871
Chronologie photographie,224
Infobox Fusée,201
Infobox Club de rugby,1048
Infobox Discipline,582
Infobox Élection,13360
Infobox Document juridique du haut Moyen Âge,51
Infobox Moteur-fusée,106
Infobox Langues par pays,225
Infobox Catch (personnalité),1428
Infobox Ville de Macédoine,137
Infobox Commune du Bénin,424
Infobox Muscle,317
Infobox Sauteur à ski,318
Infobox Équipe de football américain,256
Infobox Ville d'Afrique du Sud,359
Infobox Comté d'Angleterre,75
Infobox Cocktail,180
Infobox Brasserie,496
Infobox Artiste martial,57
Infobox Équipe nationale de rugby à XV,333
Infobox Terrain de golf,132
Infobox Bibliothèque,372
Infobox Sanctuaire religieux,417
Navbox Chemins de fer,363
Infobox Rue de Montréal,164
Infobox Conjoint politique,234
Infobox Pornographie (film),133
Saison de foot,791
Infobox Course cycliste,172
Infobox Mine du Bassin minier du Nord-Pas-de-Calais,126
Infobox Histoire du sport,106
Infobox Graphe,194
Infobox Réseau hydro,38
Infobox Base militaire avec aéroport,41
Infobox Synthétiseur,77
Infobox Canton du Costa Rica,88
Infobox Transport par département français,100
Infobox Obchtina de Bulgarie,268
Infobox Périphérique de jeux vidéo,15
Années au Luxembourg,9
Infobox District d'Irlande du Nord,36
Chronologie des arts plastiques,541
Infobox Bande indienne,119
Infobox Commune rurale du Maroc,57
Infobox Base militaire,57
Infobox Panneau de signalisation,122
Infobox Localité du Groenland,81
Infobox Écorégion terrestre,390
Infobox Grade,76
Infobox Restaurant,178
Infobox Municipalité ontarienne,43
Palette,192
Infobox Représentation des minorités,15
Infobox Leader chrétien,65
infobox Fromage,3
Infobox Équipe nationale de basket-ball,553
Infobox Classe de paquebots,42
Infobox Source,139
Infobox Canton québécois,90
Infobox Localité du Liechtenstein,2
Infobox Commune de France,37140
Infobox Franchise MLB,196
Infobox Titre cardinalice,261
Infobox Régate,48
Infobox Lego,43
s-,3
Infobox Périphérie de Grèce,14
Infobox Département de France,116
Infobox Alliance politique française,73
Infobox Équipe nationale de football féminin,220
Infobox Équipe nationale de beach soccer,55
Infobox Initiative et référendum suisse,15
"Infobox Biographie2
<!--| image             = Madame Moriss, Homme non identifié, portrait carte-de-visite, c. 1862.jpg
| légende           = Madame Moriss, Homme assis bras croisés (non identifié), portrait carte-de-visite, tirage sur papier albuminé, c. 1862. Paris, [[maison de Victor Hugo]] (inv. 3869)Image non contractuelle-->",1
Infobox Voie d'Aix-les-Bains,2
Infobox Équipe nationale de hockey sur gazon,63
Infobox Saison ATP,36
"Infobox Université 
 <!-- | image                  = SkidmoreCollegeSeal.png -->",1
Infobox Caïdat ou cercle du Maroc,19
Infobox Congrès des États-Unis,19
Infobox État ou territoire d'Australie,18
Infobox Jeux paralympiques,28
Infobox Bibliographie,2
Infobox Flipper,5
Infobox District du Viêt Nam,70
Infobox Élément/Calcium,1
"Infobox Maladie<!-- Code médicaux sur ce type de violence, ne pas toucher. -->",2
Chronologie Disney,107
chronologie architecture,35
Infobox District d'Ouganda,111
infobox Association,3
Infobox Province du Gabon,9
Infobox Nation aux Jeux méditerranéens,2
Infobox Géographie d'Io,26
Infobox_Carnaval,14
Infobox Logiciel malveillant,10
Infobox Fort romain,8
Infobox Équipe nationale de rink hockey,41
Infobox Club nautique,32
Infobox Monument_Rome_Antique,3
infobox Club de football,5
Infobox Voie de Bucarest,11
Infobox Société d'étudiants,15
"Infobox Artillerie<!-- All data from Schmidtchen (1977), pp. 217–221 -->",1
infobox Télescope,1
Infobox Reculée,11
"Infobox Organisation2
<!-- Contexte général -->",5
Infobox Commune du Bhoutan,11
"Infobox Planète mineure
<!-- PRÉSENTATION GÉNÉRALE -->",2
Palette Titre films,10
Infobox Élément/Livermorium,1
Infobox  Société,8
Infobox Langue zone d'influence,11
Infobox Élément/Nihonium,1
Infobox Province de Chine,29
Infobox Spectacle,15
"Infobox Biographie 2 
<!--  {{Infobox Musique classique (personnalité)  -->",1
Infobox Franchise Ligue majeure de baseball,2
Infobox Prêtre,6
Chronologie du Danemark,10
"Infobox Territoire britannique d'outre-mer
<!-- TITRE -->",12
Infobox  Musée,3
infobox Aire protégée,11
Infobox Art/Bac à sable,1
"Infobox Biographie2
<!-- {{Infobox Cinéma (personnalité)}} -->",2
Infobox Piste cyclable,17
infobox modulaire/Début,3
Infobox Métropole de France <!--La Métropole de Lyon N'EST PAS UNE INTERCOMMUNALITÉ-->,1
Infobox Élément/Césium,1
infobox biographie2,4
infobox Graphe,1
Infobox Toile,3
"Infobox Chimie
<!--Général-->",1
Infobox Élément/Unsepttrium,1
Infobox Collectivité de la république démocratique du Congo,4
Infobox Système planétaire,9
Infobox Biographie2 <!--- Politicien --->,1
Infobox Match de tennis,2
Palette Disque de certification,3
Infobox Géants du Nord-Pas-de-Calais,3
infobox Personnalité militaire,1
Infobox Musique (artiste) <!-- See Wikipedia:WikiProject Musicians -->,1
Infobox_Station_de_métro,1
Infobox  conflit militaire,5
Infobox Dénomination anatomique,2
Infobox Élément/Unbitrium,1
Infobox Élément/Meitnérium,1
Infobox Élément/Xénon,1
Infobox Élément/Dysprosium,1
Infobox Monument <!--- Château --->,3
infobox Tribunal,1
Infobox Footballeur,1
Infobox Subdivision du Burkina Faso,1
"Infobox société 
<!--  Consultez [[Modèle:Infobox Maison d'édition]] pour mettre à jour le modèle.  -->",1
Chronologie astronomie,1
Infobox Chimie/2,1
Infobox Région de Côte d'Ivoire,1
incise,2
Infobox Machines de l'île,2
"Infobox Localité
<!-- |image=Fire and police station - Gladstone, Oregon.JPG -->",1
Infobox Éphéméride républicaine 6e jour complémentaire,1
Infobox Zone Insee 2,1
infobox Chanson,1
Infobox Élément/Flérovium,1
infobox Mouvement artistique,1
Infobox  Musique (œuvre),1
Infobox Pays basque,1
Infobox Planète/Terre,1
Infobox Écorégion marine,1
infobox Nerf,1
"Infobox Biographie2   
<!--   {{Infobox Philosophe}}   -->",1
Infobox Dynastie Grassfields,1
Infobox Élément/Titane,1
Infobox    Biographie2,1
Infobox Saison ligue CFL,1
Infobox Élément/Untritrium,1
"Infobox Ancienne entité territoriale
<!-- TITRE -->",1
chronologie parcs de  loisirs,1
Infobox  Saison de hockey sur glace,1
infobox Site archéologique,1
Infobox Île  <!-- CE N'EST PAS UNE ILE -->,1
Infobox Élément/Unbiunium,1
Infobox Élément/Moscovium,1
Infobox Élément/Nobélium,1
Infobox Élément/Neptunium,1
Infobox Élément/Unbibium,1
Infobox Élément/Terbium,1
Palette Histoire d'Haïti,3
Infobox Musique (œuvre) <!-- See Wikipedia:WikiProject_Albums -->,1
Palette Responsabilité civile en Suisse,1
Infobox Monument,1
Infobox artist,1
infobox Joueur de snooker,1
infobox Stade,1
Infobox Élément/Rubidium,1
Infobox Élément/Indium,1
Infobox Élément/Dubnium,1
"Saison de foot
 <!--|maj              = 20 mai 2012-->",1
