infobox1_name,n_articles
,517227
Infobox Biographie2,318675
Taxobox début,149984
Infobox Localité,87894
Infobox Cinéma (film),74624
Infobox Footballeur,59513
Infobox Compétition sportive,53118
Infobox Musique (œuvre),45415
Infobox Planète mineure,45382
Infobox Monument,40351
Infobox Cinéma (personnalité),40276
Infobox Commune de France,37140
Infobox Personnalité politique,36706
Infobox Musique (artiste),30188
Infobox Artiste,24206
Infobox Ville de Pologne,24189
Infobox Société,23593
Infobox Organisation2,17728
Infobox Sportif,17708
Infobox biographie2,17280
Infobox Cycliste,16852
Infobox Jeu vidéo,16337
Infobox Édifice religieux,16288
Infobox,15704
Infobox Politicien,15223
Infobox Livre,14589
Infobox Cours d'eau,14079
Infobox Ville des États-Unis,14005
Infobox Élection,13360
Infobox Écrivain,12514
infobox biographie2,12453
Infobox Série télévisée,11712
Infobox Personnalité militaire,11613
Infobox Gare,11552
Infobox Joueur de basket-ball,11445
Infobox Art,11443
Infobox Commune d'Allemagne,10892
Infobox Île,10834
Infobox Athlète,10785
Infobox Rugbyman,10735
Infobox Personnalité du hockey sur glace,10590
Infobox Montagne,10375
Infobox Conflit militaire,10187
Infobox Prélat catholique,9646
Infobox Club de football,9410
Infobox Château,9116
Infobox Navire,8850
Infobox Objet astronomique,8598
Infobox Localité du Burkina Faso,8522
Infobox Commune d'Italie,8144
Infobox Chimie,7567
Infobox Unité militaire,7410
Infobox Commune d'Espagne,7189
Titre mis en forme,6892
Infobox Biographie,6779
Infobox Commune du Cameroun,6709
Infobox Espace public,6638
années,6399
Infobox Voie parisienne,6397
Infobox Musée,6299
Infobox Automobile,6236
Infobox Ville de Bosnie-Herzégovine,6200
Titre en italique,5834
Infobox Musique classique (personnalité),5798
Infobox Aire protégée,5773
Infobox Tournoi de tennis,5741
Infobox Université,5531
Infobox Station de métro,5509
Infobox Stade,5331
Infobox Lac,5278
Infobox Canton de France,5257
Infobox Ville du Brésil,5238
Infobox Personnage (fiction),4996
Infobox Langue,4928
Infobox Ville de République tchèque,4875
Infobox Ouvrage,4726
Infobox Ville de Serbie,4722
Infobox Saison de série télévisée,4683
infobox Biographie2,4671
Infobox Ancienne commune de France,4560
Infobox Aéroport,4528
Infobox Logiciel,4483
Infobox Municipalité du Canada,4470
Infobox Presse écrite,4308
Infobox Joueur de baseball,4296
Infobox Subdivision administrative,4284
Infobox Bande dessinée,4243
Infobox Émission de télévision,4210
Infobox Joueur de tennis,4138
Infobox Nation aux Jeux olympiques,4047
Infobox Quartier,4026
Infobox Ville,3897
Palette Années,3878
Infobox Animation et bande dessinée asiatiques/Entête,3836
Infobox Joueur de volley-ball,3827
Infobox Boxeur,3801
Infobox Ancienne entité territoriale,3739
Infobox Route,3573
Infobox Phare,3553
Infobox Intercommunalité de France,3519
Infobox Localité de Belgique,3444
Infobox Graphème,3419
Infobox Ville de Chine,3347
coord,3238
Infobox Mois,3194
Infobox Commune de Hongrie,3159
Infobox Personnalité du football américain,3122
Infobox Comté des États-Unis,3042
Infobox Saint,3029
Infobox Gratte-ciel,2984
Infobox Ville de Croatie,2972
Infobox Commune de Slovaquie,2956
Infobox Localité des Pays-Bas,2894
Infobox Pont,2891
Infobox Poste politique,2811
Infobox Organisation,2795
titre en italique,2780
Infobox modulaire/Début,2764
Infobox Mets,2728
Infobox Pilote,2699
Infobox Site archéologique,2696
Infobox Chaîne de télévision,2676
Infobox Ligne ferroviaire,2631
Infobox Famille noble,2626
Infobox Étoile,2603
Infobox Rôle monarchique,2595
Infobox Handballeur,2593
Infobox Race,2523
Infobox Gouvernement,2510
Infobox Avion militaire,2498
infobox,2369
Infobox Scientifique,2349
Infobox Maladie,2334
Infobox Réseau de transport en commun,2222
Infobox Association,2183
Infobox Commune de Suisse,2160
Infobox Commune d'Autriche,2156
Infobox Espace vert,2151
Infobox Nageur,2092
Infobox/Début,2062
Infobox Mégalithe,2006
Infobox Cimetière,1971
Infobox Gmina de Pologne,1900
Infobox Musique classique (œuvre),1871
Infobox Ville du Japon,1816
Infobox Récompense,1802
Infobox Groupe ethnique,1801
Infobox Saison de foot,1761
Infobox Jour,1760
Infobox Matériel ferroviaire/Début,1753
Infobox Circonscription électorale du Canada,1728
Infobox Équipe de hockey sur glace,1713
Infobox Course de Formule 1,1708
Infobox Ligne de transport en commun,1669
Infobox Cérémonie,1667
Infobox Norme juridique,1651
Infobox Fédération sportive,1623
Infobox Commune d'Algérie,1610
Infobox Salle de spectacle,1592
Infobox Classe navire de guerre,1588
Infobox Escrimeur,1585
Infobox conflit militaire,1579
Infobox Étendue d'eau,1556
Infobox Localité de Macédoine du Nord,1526
Infobox Nouvelle,1517
Infobox Col,1486
Infobox Club de basket-ball,1472
Infobox École,1457
Infobox Compagnie aérienne,1453
titre mis en forme,1449
Infobox Route/France,1448
Infobox Ville du Kosovo,1445
Infobox Ville de Tchéquie,1442
Infobox Municipalité de Nouvelle-Zélande,1435
Infobox Catch (personnalité),1428
Infobox Ville de Russie,1426
Infobox Architecte,1422
Infobox Ville du Royaume-Uni,1419
Infobox Site web,1384
Infobox Événement,1373
Infobox Relations bilatérales,1355
Infobox Attentat,1354
Infobox Barrage,1350
Années,1331
Infobox Biographie 2,1324
Infobox Descriptif course cycliste,1319
Infobox Revue,1315
Infobox Ville du Monténégro,1260
Infobox Musique (label),1260
Infobox Tableau Grand Chelem,1255
Infobox Accident de transport,1254
Infobox Ville de Madagascar,1254
Infobox Subdivision,1250
Infobox Circonscription électorale,1246
Infobox Musique (festival),1245
Infobox Divinité,1243
Infobox Saison de hockey sur glace,1192
Infobox Épisode de série télévisée,1191
Infobox Juridiction christianisme,1185
Infobox Eurovision,1167
Infobox Personnalité des sciences humaines et sociales,1121
Infobox Châssis sport-automobile,1121
Infobox Ordre religieux,1118
Infobox Saison d'équipe cycliste,1113
Infobox Localité de Suisse,1112
Infobox Paroisse du Venezuela,1093
Infobox Assemblée,1091
Infobox Pornographie (personnalité),1084
Infobox Engin spatial,1064
Infobox Municipalité de Colombie,1057
Infobox Club de rugby,1048
Infobox Journaliste,1046
Infobox compétition sportive,1045
Infobox Musique (style),1030
Infobox Opéra (œuvre),1029
Infobox Cratère,1028
Infobox Radio,1028
Infobox Ville de Turquie,1024
Infobox Personnalité de l'Égypte antique,1019
Infobox Presse,1015
Infobox Tournoi de squash,1013
Infobox Minéral,1000
"Infobox Gymnaste
<!--Pour les instructions consultez [[Modèle:Infobox Gymnaste]]-->",999
Infobox Équipe nationale de football,976
Infobox Résolution de l'ONU,963
Infobox Équipe cycliste,961
Infobox Joueur de squash,953
Chronologie santé et médecine,941
Infobox Localité de Russie,936
Infobox Communauté d'Arménie,929
Infobox Zone INSEE,925
Infobox Patineur artistique,924
Infobox Aristocrate,924
Infobox Commune du Mali,921
Infobox Ville d'Australie,906
Infobox Club de handball,879
Infobox Cap,878
Infobox Commune d'Argentine,868
Infobox Ville de l'Inde,867
Descriptif course cycliste,854
Infobox Avion,845
Infobox Localité d'Ukraine,844
Infobox Blindé,840
Infobox Catch (spectacle),834
Infobox Circonscription législative française,830
Infobox Ville du Sénégal,825
Infobox Jeu,823
Infobox Hôtel,808
Infobox Hôpital,807
Infobox Maison d'édition,807
VinoDOC,798
Infobox Patrimoine mondial,796
Chronologie naissance par année,796
Saison de foot,791
Infobox Grotte,787
Infobox Abbaye cistercienne,782
Infobox Commune du Nigeria,776
Infobox Métier,769
Infobox Biohomonymie,765
Infobox Avion léger,758
Infobox Ville du Venezuela,745
Infobox Compagnie ferroviaire,741
Infobox Club de volley-ball,733
Infobox Gymnaste,731
Infobox Épisode des Simpson,730
Infobox Fromage,724
Infobox Mine,716
Infobox Région naturelle,709
Infobox Pièce de théâtre,707
Infobox Voie de Toulouse,707
Infobox Abbaye,707
Infobox ouvrage,705
Coord,702
Infobox Faction armée,701
Infobox Arme,699
Infobox Structure militaire,693
Infobox Commune de Belgique,687
Infobox Route/Base,685
Infobox Zonage,679
Infobox Distinction,675
Infobox Localité de Norvège,670
Infobox Mission diplomatique,669
Infobox Criminel,667
Infobox Diocèse catholique,664
Infobox Motocyclette,664
Infobox Squelette,662
Infobox Grand Prix moto,655
Infobox Musique (discographie),652
Infobox Frontière,651
Infobox Spationaute,645
Infobox Animal,642
Infobox District congrès US,640
Chronologie musique classique,638
Infobox Drapeau,629
Infobox Région viticole,627
Infobox Freguesia du Portugal,626
Infobox Aristocrate médiéval,621
Infobox Cheval,615
Infobox Philosophe,614
Infobox Médaille militaire,610
Infobox Célébration,598
Infobox Cavalier,598
Infobox Ville d'Azerbaïdjan,597
Infobox Musique classique (ensemble),594
Infobox Vallée,590
Chronologie littérature,590
Infobox Tombeau de l'Égypte antique,589
Infobox Enzyme,585
Infobox Discipline,582
Infobox Sentier,582
Infobox Cinéma (festival),582
Infobox Liste de fichiers,581
Infobox Canal,577
Infobox Maison,575
Infobox Glacier,574
Infobox Port,574
Infobox Écurie automobile,572
Infobox Localité d'Allemagne,571
Infobox Saison de rugby,571
Infobox Saison de basket-ball,565
Infobox Massacre,562
Palette Tables Unicode,561
Infobox Cépage,557
Infobox Série de jeux vidéo,555
Infobox Exposition,554
Infobox Équipe nationale de basket-ball,553
Infobox Espace vert2,550
Infobox Parc de loisirs,547
infobox Gène,546
Chronologie des arts plastiques,541
Infobox Ville d'Irlande,535
Infobox Nation en compétition continentale de football,534
Infobox Rose,534
Infobox Forêt,532
Chronologie de la science,532
Infobox Voie de Liège,530
Infobox Centrale,527
Infobox Agence gouvernementale,526
Infobox Judoka,522
Infobox Série télévisée détaillée,522
Infobox Poids lourd,521
Infobox Périodique,519
Infobox Commune de Norvège,518
Infobox Nation aux Jeux paralympiques,513
"Infobox Alpiniste, grimpeur",513
Infobox District de Russie,512
Infobox Montagnes russes,508
Infobox Affaire criminelle,506
Infobox Match de football américain,505
Infobox Système d'exploitation,502
Infobox Ville d'Uruguay,501
Infobox Daïra d'Algérie,498
Infobox Mannequin,498
Infobox Brasserie,496
Infobox Circonscription électorale du Royaume-Uni,494
Infobox Chute d'eau,489
Infobox Ville du Botswana,481
Infobox MMA,481
Infobox Musique (tournée),478
Infobox Voie de Lyon,475
Infobox Centre commercial,473
Infobox Objet,473
Infobox Station de ski,471
Infobox Établissement pénitentiaire,470
Infobox Rivalité dans le sport,468
Infobox Mission spatiale,465
Infobox Arme à feu,463
Infobox Archidiocèse catholique,462
Infobox Anatomie,462
Infobox Comète,461
Infobox Club sportif,455
Infobox Localité de France,452
Infobox Artillerie,451
Infobox Ville du Maroc,450
Infobox Boisson,449
Infobox Localité du Luxembourg,449
Infobox Commune des Pays-Bas,448
Infobox Créature,442
Infobox Appareil informatique,442
Infobox Patrimoine culturel immatériel de l'humanité,438
Infobox Joueur de rink hockey,436
Infobox Commune du Mexique,433
Infobox Monnaie,432
Infobox Traité,428
Infobox Ville d'Estonie,427
Langue du titre,427
chronologie théâtre,426
Infobox Golfeur,424
Infobox Commune de Côte d'Ivoire,424
Infobox Commune du Bénin,424
Infobox Plan d'eau,420
"Infobox Maison d'édition
<!--  Consultez [[Modèle:Infobox Maison d'édition]] pour mettre à jour le modèle.  -->",417
Infobox Sanctuaire religieux,417
Infobox Match de football,417
Infobox Élection de Miss,416
Cycling race/infobox,416
Infobox Musique (instrument),416
Infobox Relief,411
Infobox Nation à la Coupe du monde de football,410
Infobox Tournoi de snooker,410
Infobox Tunnel,404
Infobox Observatoire,399
Infobox Géographie de Vénus,399
Infobox Exoplanète,397
Infobox Arrondissement d'Allemagne,391
Infobox Écorégion terrestre,390
palette Années,389
Infobox Animateur audiovisuel,386
Infobox Refuge,385
Infobox Zoo,383
Navbox Sport,381
Infobox Localité d'Autriche,377
Infobox Département d'Argentine,377
Infobox Établissement scolaire,375
Infobox Club omnisports,374
Infobox Bibliothèque,372
Infobox Localité de Suède,371
Infobox Biographie/Entête,371
Infobox Juridiction Indienne,371
Titre noble,369
Infobox Ville de Grèce,368
Infobox Arrondissement de France,368
infobox Monument,368
Infobox Quartier canadien,367
Infobox Personnalité du hockey sur gazon,365
Infobox Éphéméride républicaine,365
Infobox Commune du Chili,364
Navbox Chemins de fer,363
Infobox Récompense sportive,360
Infobox Station de radio,360
Infobox Moteur d'avion,360
Infobox Ville d'Afrique du Sud,359
Infobox Frazione,355
Infobox Téléphone mobile,353
Infobox Comédie musicale,352
Infobox Commune du Portugal,352
Infobox Comic book,349
Infobox Micro-région de Hongrie,349
Infobox Médicament,348
Infobox Événement météorologique,345
Infobox Pays,345
Infobox Circuit automobile,345
Infobox Prénom,344
Chronologie architecture,343
Infobox Cyclone,343
Infobox Peuple antique,339
Infobox Saison par franchise MLB,339
Infobox Événement historique,338
Infobox Miss,338
Infobox Démographie,337
Infobox Voie de Paris,337
Chronologie Canada,336
Infobox District indien,336
Infobox Municipalité du Venezuela,335
Infobox Commune de Finlande,334
Infobox Équipe nationale de rugby à XV,333
Infobox Manifestation,329
Infobox Artéfact archéologique,324
Infobox Ancienne commune des Pays-Bas,319
Infobox Sauteur à ski,318
Infobox Muscle,317
Infobox Voie de Marseille,316
Infobox Commune d'Iran,314
Infobox Inventaire du patrimoine culturel immatériel en France,314
Infobox Microrégion du Brésil,313
Infobox Powiat de Pologne,313
Infobox Ville de Tunisie,311
Infobox Club universitaire,308
langue du titre,306
Infobox Rallye automobile,304
Infobox Centrale nucléaire,303
Infobox Appareil photo numérique,303
Infobox Usine,302
Infobox Missile,302
Infobox Département du Burkina Faso,301
Infobox Nombre,300
Infobox Langage de programmation,298
Infobox Manuscrit du Nouveau Testament,297
Infobox Commune de Suède,295
Infobox Monastère,295
Infobox Joueur de badminton,292
Infobox Édition linguistique de Wikipédia,290
Infobox Poème,289
Infobox Course hippique,287
Infobox Marque,287
Infobox Ouvrage d'art,286
Infobox Traité international,285
Infobox Torero,285
Infobox Arbitre,280
Infobox Équipe nationale de volley-ball,275
Infobox Maison princière,273
Infobox Empereur romain,272
Infobox Camp de concentration,272
Infobox Vidéaste web,271
Cycling race/stageinfobox,271
Infobox Monument Rome Antique,270
Infobox Format de données,268
Infobox Obchtina de Bulgarie,268
Infobox Séisme,267
infobox Artiste,265
Infobox Satellite naturel,265
Infobox Délégation tunisienne,264
Infobox Relief terrestre,263
Infobox Draft,262
Infobox Titre cardinalice,261
Infobox Territoire,258
Infobox Équipe de football américain,256
Infobox Plage,255
Infobox Hélicoptère,255
Années au Québec,252
Infobox Commanderie templière,251
Infobox Commune du Liban,251
Infobox Ville d'Écosse,249
Infobox Archer,248
Infobox Bilan équipe nationale,248
Infobox Ligne Maginot,247
Infobox Ville du Togo,246
Infobox organisation2,246
Infobox Rivière,244
infobox Mission diplomatique,241
Infobox Route européenne,241
Infobox Nerf,239
Chronologie musique,238
Infobox Catch (titre),238
Infobox Pilote de Vitesse moto,237
infobox Localité,236
Infobox Ville des Philippines,236
Chronologie catholicisme,235
Infobox Comarque d'Espagne,235
Infobox Méthode scientifique,235
Infobox Risque,234
Infobox Conjoint politique,234
Infobox Pièce,234
Infobox Saison d'équipe de hockey sur glace,234
Infobox Microprocesseur,231
Infobox Localité d'Algérie,229
Infobox Document d'identité,228
Infobox Commune de Mauritanie,227
Infobox Cinéma (série de films),227
Infobox Pandémie,227
Infobox Personnage (Disney),226
Infobox Langues par pays,225
Années aux États-Unis (2),225
Chronologie photographie,224
Infobox Raïon d'Ukraine,222
Infobox Ville de Slovénie,220
Infobox Canton d'Équateur,220
Infobox Ligament,220
Infobox Équipe nationale de football féminin,220
Infobox Ville d'Israël,219
Infobox Club de baseball,217
Coord univers,216
Infobox Division administrative de Corée du Sud,216
Infobox Hymne,215
Infobox Kabupaten d'Indonésie,214
Infobox Catch (équipe),214
Infobox Console de jeux vidéo,213
Infobox Joueur de futsal,213
Infobox Sport,212
Infobox Artère,212
Infobox Faciès culturel,212
Navbox Générale,211
Infobox Organisation criminelle,211
Infobox Joueur de snooker,210
Infobox Initiative suisse,210
Maladie génétique,210
Infobox Économie,209
Palette Chronologie croisades,208
Infobox Armoiries,206
Infobox Route/Québec,206
Infobox Militant,204
Infobox API,203
Infobox Maison d'édition 2,202
Infobox Fusée,201
Infobox Commune du Danemark,200
Infobox Ville de la République démocratique du Congo,200
Infobox Épisode de Doctor Who,200
Infobox Moteur,198
Infobox Produits du terroir,198
Infobox Dème de Grèce,198
Infobox Quartier américain,197
Infobox Vidéaste Web,197
Infobox Franchise MLB,196
Infobox Surfeur,196
Infobox Niveau géologique,195
Infobox Localité d'Espagne,195
Infobox Graphe,194
Infobox Province du Pérou,194
Infobox Train de voyageurs baptisé,193
Infobox Fortification Séré de Rivières,193
Infobox Veine,192
Palette,192
Infobox Étape du Tour de France,191
Infobox Armée,190
Infobox Gorge,189
Infobox Planeur,189
Infobox Cantate Bach,187
Infobox Wieś de Pologne,186
Infobox Route/NB,186
Infobox Billet,186
Infobox Groupe parlementaire,186
Infobox Moine militaire hospitalier,185
Infobox Équipe nationale sportive,184
Infobox_Missile,181
Infobox Ville du Guatemala,180
Infobox Commune de Roumanie,180
Infobox Cocktail,180
Infobox Pilote de Rallye,180
Infobox Nation en compétition continentale de Handball,179
Infobox Chanson,179
Infobox Bundesautobahn,178
Infobox Restaurant,178
Infobox Équipe nationale de handball,178
Infobox Course cycliste,172
infobox Animal,170
Infobox Émission de radio,169
Chronologie science-fiction,169
Infobox Pays Loi LOADDT,169
Infobox Confession chrétienne,168
Infobox Organisation des Nations unies,168
Infobox Éphéméride,168
Infobox Concours Eurovision de la chanson,168
Infobox Biographie bouddhiste,166
Infobox Rue de Montréal,164
Infobox Grandeur physique,162
Infobox Remontée mécanique,162
Infobox Formation rocheuse,161
Infobox Ville de Bolivie,161
Infobox Localité de Biélorussie,160
Infobox Famille Pokémon/Entête,160
Infobox Système d'écriture,160
Infobox District du Pakistan,157
Infobox Géographique (pays),157
Infobox Distillerie,157
Infobox Empereur de Chine,156
Infobox Subdivision d'Helsinki,155
Infobox Sonnet de Shakespeare,154
Infobox Équipe nationale de hockey sur glace,154
Palette Dada et Surréalisme,152
Infobox Études supérieures,152
Infobox Entreprise,151
Infobox District de Suisse,151
Infobox Sport par localisation,151
infobox Art,150
chronologie parcs de loisirs,149
Infobox Zone d'administration locale d'Australie,147
Infobox Art martial,147
Infobox Domaine de premier niveau,147
Infobox Territoire de la République démocratique du Congo,147
Infobox Cheptel,145
Infobox Ville d'Haïti,144
Infobox Pilote NASCAR,143
infobox Minéral,142
Infobox Type de subdivision administrative,142
Chronologie du combiné nordique,141
Infobox Humoriste,141
Infobox Équipe de Coupe Davis ou de Fed Cup,141
infobox Société,140
Infobox Champ d'hydrocarbures,140
Infobox Nom coréen,139
Infobox Source,139
Infobox District du Kazakhstan,138
Infobox Ville de Macédoine,137
Infobox Explorateur,136
Infobox Route/Terre-Neuve-et-Labrador,134
Infobox District du Ghana,134
Infobox Pornographie (film),133
"Infobox Ancienne entité territoriale
<!-- TITRE DE LA BOITE -->",133
Infobox Ville du Viêt Nam,133
Infobox Province d'Italie,132
Infobox Banque centrale,132
Infobox Match de basket-ball,132
Infobox Tournoi de golf,132
Chronologie cinéma,132
Infobox Terrain de golf,132
Infobox Partido Argentine,131
Chronologie bande dessinée,131
Infobox Unité lithostratigraphique,131
Infobox Télescope,129
Infobox Énergie (pays),129
Infobox Mine du Bassin minier du Nord-Pas-de-Calais,126
Infobox Vêtement,125
Infobox Appareil photo argentique,125
Infobox Idéogramme,124
Infobox Hippodrome,124
Infobox Mouvement religieux,123
Minuscule,123
Infobox Panneau de signalisation,122
taxobox début,122
Infobox Titre de noblesse,121
Infobox Gouvernement autonomique d'Espagne,121
Infobox Convention,121
Infobox Star Wars,121
Infobox Étape du Tour d'Italie,121
Infobox Bande indienne,119
Infobox Archéologue,119
Infobox Municipalité de Finlande,119
Infobox Élus commune,119
Infobox Raion de Biélorussie,118
Infobox Cave vinicole,118
"Infobox Ancienne entité territoriale 
<!-- TITRE DE LA BOITE -->",118
Infobox Droits LGBT,117
Infobox Ville d'Égypte antique,117
Infobox Groupe de musique,116
Infobox Département de France,116
Infobox Centre de congrès,116
Infobox District de Madagascar,115
Infobox Sourate,114
Infobox Commune du Tchad,114
Infobox Exposition internationale,114
Infobox Joueur de poker,114
Infobox Présidence,113
Infobox Conclave,113
Infobox Joueur de cricket,113
Infobox Police de caractères,113
Infobox Province de Bolivie,112
Infobox District d'Ouganda,111
Infobox Fossile,111
Infobox Astre,111
Infobox Linguiste,110
Infobox Séries de hockey sur glace,110
Infobox Route/Nouvelle-Écosse,109
Infobox Pays Eurovision,109
Infobox District d'Angleterre,108
Infobox Route à modules/Début,108
Infobox Éclipse solaire,108
Infobox Match de hockey sur glace,108
Infobox Église,107
Chronologie Disney,107
Infobox Archives,107
Infobox Temple bouddhiste,107
Infobox Maladie des plantes,107
Infobox Histoire du sport,106
Infobox Voie de New York,106
Infobox Moteur-fusée,106
Infobox Comitat du royaume de Hongrie,105
Infobox Saison cyclonique,105
Infobox Cuisines du monde,104
Infobox Jeu de données,104
Infobox Temple hindouiste,104
Infobox Unité,104
Databox,104
Infobox Commune du Luxembourg,104
Infobox Commune de la République démocratique du Congo,104
Infobox Playboy Playmate,102
Infobox Record sportif,102
Infobox Distribution statistiques,101
Infobox Tennis aux Jeux olympiques d'été,101
Infobox Fonte,101
Infobox Transport par département français,100
Infobox Double confrontation de football,100
Infobox Joueur de jeux vidéo,100
infobox Organisation2,99
Infobox Localité d'Islande,99
"Infobox Décision juridique
<!-- PRESENTATION -->",99
Infobox Membre du Conseil de la Fédération éthiopien,98
Infobox Département du Tchad,98
Infobox Conseil départemental,97
Infobox Géographie de Mars,96
Infobox Gens,96
Infobox Opération militaire,96
Infobox Subdivision du Népal,96
Infobox Constellation,95
Infobox Égyptologue,95
Infobox Météorite,93
Infobox Mémorial militaire,93
Infobox Cinéma (studio),93
Infobox Base permanente,93
Infobox Solide de Johnson,93
Infobox Arbre remarquable,92
Infobox Circonscription législative marocaine,92
Infobox Quartier de Londres,92
Infobox Réacteur nucléaire,92
Infobox Présidence du Conseil de l'UE,92
Infobox Côte,92
Infobox Sujet fédéral de Russie,92
Infobox Arènes,92
Infobox Réseau routier,91
Infobox Polyèdre,91
Infobox Commune du Nicaragua,90
Infobox Document pontifical,90
Infobox Nation aux Jeux du Commonwealth,90
Infobox Canton québécois,90
Infobox Club de natation,89
Infobox Municipalité régionale de comté,89
Palette Classement musical en France,89
Palette Politique/Rome antique,89
Infobox District d'Autriche,88
Infobox Canton du Costa Rica,88
Infobox Caractère Unicode,88
Infobox Circonscription électorale de Turquie,88
Chronologie télévision,88
Infobox Échangeur,87
Infobox Jeux olympiques,87
Infobox Saison sportive,87
Infobox Mésorégion du Brésil,86
Infobox Pongiste,86
Infobox Concert du nouvel an,86
Infobox Commune de Géorgie,85
Infobox Timbre,85
Infobox Lieu de fiction,83
Infobox Cartouche,83
Infobox Radar,83
Infobox Province de Turquie,82
Infobox Bière,82
Infobox Pâte alimentaire,81
Infobox Sport olympique,81
Infobox Localité du Groenland,81
Infobox Commune de Macédoine du Nord,81
Infobox Route/ON,81
Infobox Campus,81
Chronologie en sociologie,80
Infobox Univers de fiction,80
Infobox District de Slovaquie,79
Infobox Ville de Lituanie,79
Chronologie fantasy,79
Infobox Désert,79
Infobox Réserve de biosphère,79
Infobox Club de rink hockey,78
"Infobox Archives
<!-- EN-TÊTE -->",78
Infobox Recensement,78
Infobox Pyramide égyptienne,77
Infobox Synthétiseur,77
Infobox Province de Thaïlande,76
Infobox Épidémie,76
Infobox District de Tchéquie,76
Infobox Chemin de fer touristique,76
Infobox Grade,76
Infobox Zone de gouvernement local du pays de Galles,76
Infobox Municipalité d'Islande,75
Infobox Comté d'Angleterre,75
Infobox Équipe nationale de rugby à XIII,75
Infobox Circonscription de Paris,75
Infobox Attractions,75
Infobox Transport ferroviaire,75
Infobox Bilan club de football européen,75
Infobox Province du Maroc,75
Infobox Commune d'Égypte,75
Infobox Casino,74
Infobox Nœud,73
Infobox Alliance politique française,73
Infobox Isotope,73
Infobox Concours miss,72
Infobox Nome de Grèce,72
Infobox Club d'aviron,71
Infobox Expédition ISS,71
infobox compétition sportive,71
Infobox Tremplin de saut à ski,71
Infobox District du Viêt Nam,70
databox,70
Infobox Famille de protéines,70
Infobox Église protestante,70
Infobox Site d'Égypte antique,70
Infobox Commune d'Irak,69
Infobox Région,69
Infobox Temple égyptien,69
Infobox Essai nucléaire,69
Infobox Église orthodoxe,69
Infobox Amphithéâtre Rome Antique,68
Infobox Tribunal,68
Infobox Signe ou symptôme,68
Infobox Socket,68
Infobox Bilan équipe nationale volley-ball,68
Infobox Ville du Gabon,68
Infobox Raion d'Azerbaïdjan,67
Infobox Livre de la Bible,67
Infobox Saison du Football Canadien,67
Infobox Commune d'Ouganda,67
Infobox District du Liberia,67
Infobox  Biographie2,66
Infobox Arrondissement du Bénin,66
Infobox Cégep,66
Infobox Équipe de cricket,65
Infobox Aménagement cyclable,65
Infobox Plaque tectonique,65
Infobox Commune de la République du Congo,65
"Infobox Tribunal
<!-- EN-TETE -->",65
Infobox Leader chrétien,65
Infobox Standard de jazz,64
Infobox District du Bangladesh,64
Infobox Nuage,63
Infobox Zone d'Éthiopie,63
Infobox Pilote sur circuit,63
Infobox Intervention,63
Infobox Arrondissement municipal français,63
Infobox Équipe nationale de hockey sur gazon,63
Infobox Pipeline,62
Infobox Parti politique,62
Infobox Porte de Paris,62
Palette Chronologie du jeu,61
Infobox Conseil européen,61
Infobox Réseau de diffusion,61
Infobox Musique (récompense),61
Infobox Religion,61
Semi-protection étendue,61
Semi-protection longue,60
Infobox Bassin versant,60
Infobox Sinogramme,60
Infobox Concept socio-fiscal,60
Infobox Équipe de sport électronique,60
Infobox Galaxie,59
"Infobox Affaire criminelle
<!-- AFFAIRE-->",59
Infobox Tracteur agricole,59
Infobox Concile,58
Infobox Département du Cameroun,58
Infobox Carte à jouer,57
Infobox Parfum,57
Infobox Épreuve d'athlétisme,57
Infobox Cercle du Mali,57
Infobox Base militaire,57
Infobox Province du Viêt Nam,57
Infobox Artiste martial,57
Infobox Technique de combat,57
Infobox Province du Chili,57
Infobox Commune rurale du Maroc,57
Infobox Raffinerie,57
Infobox Joueur de go,57
Infobox État des États-Unis,57
Infobox Catholicos de l'Église apostolique arménienne,56
Infobox Orgue,56
Infobox Variété de pomme de terre,56
Infobox Personnage de Naruto,55
Infobox Aérostat,55
Infobox Équipe nationale de beach soccer,55
Infobox société,55
Infobox Équipe nationale de baseball,54
Infobox Ville d'Éthiopie,54
Infobox Joueur de sport gaélique,54
Infobox Guitare,54
Infobox Titre de livre-jeu,54
Infobox Route/Algérie,54
Infobox Ville d'Arabie saoudite,53
Infobox Chiffrement par bloc,53
Infobox Nation aux Deaflympics,52
Infobox Cinéma (caméra),52
Infobox Ville de Crimée,52
Infobox Marché,52
Infobox Roche,52
Palette Chronologie du jeu vidéo,52
Infobox Encyclopédie,52
Infobox Municipalité de Lituanie,52
Infobox Type de bateau,52
Infobox Engin de chantier et agricole,52
Infobox BTS,52
Infobox Macintosh,52
Infobox Document juridique du haut Moyen Âge,51
Infobox Voivodie de Pologne,51
Infobox Département du Gabon,50
Infobox Circonscription électorale française,50
Infobox Maladie génétique,50
Infobox Combiné nordique 2,50
Infobox Course de NASCAR,50
Infobox Quartier de Buenos Aires,49
Infobox Véhicule Spatial,49
Infobox Ancienne commune du Luxembourg,49
Infobox Club de sports gaéliques,49
Infobox Division sénatoriale du Canada,49
Infobox Cirque naturel,49
Infobox_Philosophe,48
Infobox CBT,48
"Infobox Maison d'édition
<!--  Consultez [[Modèle:Infobox Maison d'édition]] pour mettre à jour le modèle. -->",48
Infobox École de samba,48
Infobox Régate,48
Infobox Compétition de sport électronique,48
Infobox Bourse,48
Infobox Algorithme,47
Infobox Département du Sénégal,47
Infobox État de l'Inde,47
Infobox Congrès politique,47
Infobox Média,46
Infobox Parlement,46
Infobox Saison WTA,46
Infobox Polytope,46
Infobox Protocole réseau sur la couche application,46
Infobox Valeur nutritionnelle,46
Infobox Deux écrivains,46
"Infobox Gymnaste 
<!--Pour les instructions consultez [[Modèle:Infobox Gymnaste]]-->",46
Infobox Conseil régional d'Israël,45
Infobox Danse (œuvre),45
Infobox Période historique,45
Infobox Ville d'Afghanistan,45
Infobox Arrondissement administratif de Belgique,45
Infobox Ancienne municipalité canadienne,45
Infobox Province d'Espagne,44
Infobox Province du Burkina Faso,44
Infobox Deaflympics,44
Infobox Fuseau horaire,44
Infobox Commanderie hospitalière,43
Infobox Municipalité ontarienne,43
Infobox Compétition musicale,43
Infobox Lego,43
Infobox Galaxie Groupe Local,43
Infobox Wilaya d'Algérie,43
Infobox Agence européenne,43
Infobox Bâtiment,43
Infobox Équipe nationale de futsal,43
Infobox Classe de paquebots,42
Infobox Licence,42
Infobox Anarchisme par zone géographique,42
Chronologie numismatique,41
Infobox Localité du Costa Rica,41
Infobox Équipe nationale de rink hockey,41
Infobox Lieu de la Terre du Milieu,41
Infobox Particule,41
Infobox Arrondissement d'Haïti,41
Infobox Base militaire avec aéroport,41
Infobox MLB All-Star Game,41
Infobox Lieu de fiction (bande dessinée),41
Infobox Secteur pavé,41
Infobox Conte populaire,41
Infobox Famine,40
Infobox Missions ONU,40
Infobox Agence spatiale,40
Infobox Éruption volcanique,40
Infobox Licence de logiciel,39
Infobox Moselstellung,39
Infobox Municipalité de Russie,39
Infobox Figure historique des Trois Royaumes,39
Infobox Mouvement artistique,39
Infobox Saison d'équipe de football américain,39
Infobox Groupement de collectivités européennes,39
Infobox Feu de forêt,39
Infobox Adhésion à l'Union européenne,39
Infobox État du Nigeria,39
Infobox Religion v2,39
Infobox Musique (studio),39
Infobox Council area,38
Infobox Infraction en France,38
Infobox Réseau hydro,38
"Infobox Norme juridique
<!-- PRESENTATION -->",38
infobox Halakha,38
Palette Constitution américaine,38
Infobox Pierre précieuse,38
Infobox Localité d'Andorre,38
Infobox Pays Bretagne,38
Infobox Amphoe,38
infobox conflit militaire,38
Infobox Vicariat apostolique,38
Infobox Géographie nationale,37
Infobox Programme spatial,37
Infobox Cryptomonnaie,37
Infobox Décision juridique,37
Infobox État du Mexique,37
infobox Biographie 2,37
Infobox Auteur de livre-jeu,36
Infobox Collectif (artistes),36
Infobox Saison ATP,36
Infobox Région du Maroc,36
infobox organisation2,36
Infobox Système éducatif,36
Infobox Document,36
Infobox District d'Irlande du Nord,36
Infobox Connectique,36
Infobox Installation nucléaire,35
Infobox Ville de Papouasie-Nouvelle-Guinée,35
chronologie architecture,35
Infobox Missions UE,35
Infobox Géographie de Titan,35
Infobox GPU,35
Infobox Police,35
Infobox Commune de Chypre,35
Infobox Manuscrit,35
Infobox Province d'Argentine,35
Infobox Tapis persan,35
Infobox Province d'Indonésie,35
Infobox Église orientale,34
Infobox Concept historique,34
"Infobox Exoplanète
<!-- PRÉSENTATION GÉNÉRALE -->",34
Infobox Base de lancement,34
Infobox Foire,34
Infobox Ère chinoise,34
Infobox Circonscription et région électorale du Parlement gallois,34
Infobox Politique européenne,34
Palette Droit des personnes en France,34
Infobox Raion de Moldavie,34
infobox Maladie,33
Infobox Ancienne commune,33
Infobox District du Botswana,33
Infobox Clan,33
Infobox Nation aux Jeux,33
Infobox Cheminée,33
infobox Cinéma (personnalité),33
Infobox Fruit,33
Infobox Écluse,33
infobox Musée,33
Infobox Département du Bénin,33
Infobox Continent,32
Infobox Route/États-Unis–Interstates,32
Semi-protection,32
Infobox Seigneurie,32
Infobox District de Londres,32
infobox société,32
Infobox Rue de l'agglomération de Longueuil,32
Chronologie boxe anglaise,32
Infobox Club nautique,32
Infobox Type de véhicule,31
Infobox Circonscriptions des îles Cook,31
Infobox Théâtre (personnalité),31
infobox Gare,31
Infobox MMA event,30
Infobox Mission ravitaillement spatial,30
Infobox Vaisseau de fiction,30
minuscule,30
Infobox Cinéma (technologie),30
infobox Logiciel,30
Infobox Voie d'escalade,30
Infobox Puits de mine,30
Infobox Club de floorball,29
Infobox District d'Allemagne,29
Infobox Province de Chine,29
Infobox Sélection olympique,29
Infobox Province de la république démocratique du Congo,29
Infobox Loi Rome antique,29
Infobox État du Brésil,29
Infobox Compétition de go,29
Infobox Décision de la Cour suprême du Canada,29
Infobox Couronne,28
Infobox Jeux paralympiques,28
Infobox Département de Colombie,28
Infobox Circonscription de Tunisie,28
Infobox Relations_UE-État_membre,28
"Infobox Maison d'édition
<!-- Consultez [[Modèle:Infobox Maison d'édition]] pour mettre à jour le modèle. -->",28
Infobox Robe animale,28
Infobox Commune de Somalie,28
Infobox Ordre de chevalerie,28
Infobox Bilan sportif,28
Infobox Obélisque,28
Infobox Arrondissement judiciaire de Belgique,28
Infobox Discours,27
Infobox Point de vue panoramique,27
Infobox Division administrative de Corée du Nord,27
Infobox Gouverneur de la Régence d'Alger,27
infobox musique (oeuvre),27
Infobox Composant ISS,27
Infobox Rajons de Lettonie,26
Infobox Station thermale,26
Infobox Vaccin,26
Infobox Combiné nordique,26
infobox Macintosh,26
infobox Sport paralympique,26
Infobox Județ de Roumanie,26
infobox Saison de foot,26
infobox Conflit militaire,26
infobox Blindé,26
Infobox Géographie d'Io,26
Infobox Cinéma (genre),26
Infobox Commission parlementaire française,26
Infobox Canton de Suisse,26
Chronologie économie,26
Infobox Région du Tchad,26
Infobox Temple de la renommée,26
Infobox Église catholique orientale,26
infobox Footballeur,26
Infobox Ville de Jordanie,26
Infobox Arrêt de la Cour suprême des États-Unis,26
Infobox Supporters de club de football,26
Infobox Voie de Versailles,25
Infobox État du Venezuela,25
Infobox Rune,25
Infobox Commission européenne,25
Infobox Géographie de Triton,25
Infobox Oblast d'Ukraine,25
Infobox Camouflage,25
Infobox Cycle solaire,25
Infobox Point chaud,25
Infobox Projet urbain,25
Infobox Calculatrice Casio,25
Infobox Gouvernorat tunisien,25
Infobox Région du Pérou,25
Infobox Race de Stargate,25
Infobox Société secrète,25
Infobox Montre,25
Infobox Paiement électronique,25
Infobox  Localité,25
Infobox Village (wieś) de Pologne,25
Infobox Zone de secours,24
Infobox Juridiction christianisme/wd,24
Infobox Prénom japonais,24
Infobox Province de Suède,24
Infobox Indice boursier,24
Infobox Tribu du Maroc,24
Infobox Appellation de pomme de terre,24
Infobox Fonction mathématique,24
Infobox Roman Royaumes oubliés,24
Infobox Paroisse anglo-normande,24
Infobox Subdivision de l'île de Man,24
Infobox musique (œuvre),23
Infobox Région de Madagascar,23
Infobox Danse (compagnie),23
Infobox musique (oeuvre),23
Infobox Catch (spectacles),23
Infobox État d'Allemagne,23
Infobox Épice,23
Infobox Géologie régionale,23
Infobox Signe du Zodiaque,23
Infobox Diffusion,23
Infobox Comté d'Irlande,23
Infobox Comté de Norvège,23
Infobox Couleur,23
Infobox Ville de Dominique,22
infobox Objet,22
Infobox Province du Cambodge,22
Infobox Atelier ferroviaire,22
Chronologie hockey sur gazon,22
Infobox Série mondiale,22
Infobox Liste de récompenses,22
Infobox Nom de famille,22
Infobox Municipalité de Bosnie-Herzégovine,22
Palette Responsabilité civile en France,22
Wikidata Infobox,21
Infobox Lymphe,21
Infobox Biome,21
Cycling race/teamseasoninfobox,21
Infobox 2 euros,21
Infobox District de Bogota,21
Infobox Resort,21
Infobox Pratique sportive nationale,21
"Infobox Saison de handball
 <!-- Paramètres d'affichage -->",21
Infobox Joueur d'échecs,21
Infobox Équipe nationale de football américain,21
Infobox Convois WWII,21
Infobox Saison de hockey sur gazon,21
Infobox CPGE,21
Infobox Rémanent de supernova,21
Infobox Province de Mongolie,21
Infobox Comitat de Croatie,20
Infobox Départements de l'administration américaine,20
Infobox Convoi de déportation,20
Infobox Comitat de Hongrie,20
Infobox Classement musical,20
Infobox Département d'Uruguay,20
Infobox Structure unité,20
Infobox Équipe nationale féminine de football,20
Infobox Joueur de water-polo,20
Infobox Concession ferroviaire britannique,20
Infobox Communauté autonome d'Espagne,20
Infobox Orchidée,20
Infobox Opéra (compagnie),19
Infobox Marionnette,19
Infobox Paroisse catholique,19
Infobox Matériel informatique,19
Infobox Congrès des États-Unis,19
Infobox Caïdat ou cercle du Maroc,19
Infobox Système de fichiers,19
Infobox Circonscription électorale d'Écosse,19
Infobox Match de rugby à XV,19
Palette Rites de l'Église catholique,19
Infobox Atmosphère,19
Titre mis  en  forme,19
Infobox Monument de la Grèce antique,18
Infobox  Organisation2,18
Infobox Voie de Belgique,18
infobox Personnalité politique,18
Infobox État ou territoire d'Australie,18
Infobox Province d'Angola,18
Infobox District du Portugal,18
infobox Cours d'eau,18
Infobox Liste de joueurs,18
Infobox Ville de la république démocratique du Congo,18
Infobox Région du Burkina Faso,18
Infobox Zone thématique,18
Infobox Région de France,18
Infobox Écurie de chevaux de course,18
Infobox Département du Paraguay,18
Infobox Union,18
Infobox Circonscription électorale de Hongrie,18
Infobox Syndicat de la Coupe de l'America,18
Infobox Ville d'Irlande du Nord,18
Infobox Matériaux,18
Infobox Municipalité de Serbie,18
Infobox Synthèse annuelle en astronautique,18
Infobox Budget,18
semi-protection étendue,17
Infobox Ville de Syrie,17
Infobox Députations provinciales d'Espagne,17
Infobox Navette spatiale,17
Infobox Rameur handisport (aviron),17
Infobox Equipe MotoGP,17
Titre mis en  forme,17
Infobox Piste cyclable,17
Infobox Législature canadienne,17
Infobox Année en astronomie,17
Infobox Carnaval,17
Infobox Type MBTI,17
Infobox Géants de processions et de cortèges,17
Infobox Préfecture du Japon,16
Infobox Objectif photographique,16
infobox Cinéma (film),16
Infobox VinoDOC,16
Palette Surveillance NSA,16
Infobox Route/Manitoba-p,16
Infobox Arsenal nucléaire,16
Infobox Baladodiffusion,16
Infobox DROM-COM,16
Infobox Journées Mondiales de la Jeunesse,16
Infobox Ville de Moldavie,16
Chronologie de l'art,16
Infobox Région du Chili,16
infobox musique (œuvre),16
Infobox Franchise LCF,16
Infobox Club d'escrime,16
Infobox Commune de Somaliland,16
Infobox Drone civil,16
Infobox Isthme,16
Infobox Calculatrice TI,16
Infobox Bey de la Régence d'Alger,15
Infobox Oléicole,15
Infobox Spot de surf,15
Infobox Spectacle,15
Infobox Circonscription électorale de Bulgarie,15
infobox Station de métro,15
Infobox Pluie de météores,15
Infobox Initiative et référendum suisse,15
Infobox Critique presse,15
Infobox Bombe,15
Infobox Géométrie moléculaire,15
Infobox Localité du Maroc,15
Infobox Région du Québec,15
Infobox Koryu bujutsu,15
Infobox Représentation des minorités,15
Infobox Équipe nationale de water-polo,15
"Infobox Décision juridique
<!-- PARAMETRES OBLIGATOIRES -->",15
Infobox Périphérique de jeux vidéo,15
Infobox Société d'étudiants,15
Infobox Manade,14
Infobox Jeu de cartes,14
infobox Lac,14
Infobox Périphérie de Grèce,14
Infobox Agriculture,14
Chronologie mathématiques,14
Infobox Politique publique,14
Palette Naissance des étoiles,14
Infobox Département du Salvador,14
Infobox Fuite d'information,14
Infobox Région de Tchéquie,14
infobox Météorite,14
Infobox Niveau de plongée,14
Infobox État d'Éthiopie,14
"Infobox Saison de handball

 <!-- Paramètres d'affichage -->",14
Infobox Jeux paralympiques2,14
Infobox_Carnaval,14
Infobox Dalaï-lama,14
Infobox Études secondaires,14
Infobox Ville du Rwanda,14
Polyèdres prismes bd,14
Infobox Province de Cuba,14
Infobox Région du Sénégal,14
Infobox Circonscriptions de l'Assemblée de Londres,14
Infobox Haplogroupe,14
Infobox Province ou territoire du Canada,14
Infobox Saison de handball,14
Infobox Historique des Studios Disney,13
Infobox Alliance aérienne,13
infobox Race,13
Infobox Master,13
Infobox Tribu de Nouvelle-Calédonie,13
Infobox Championnat d'échecs,13
Infobox Style architectural,13
Infobox Musique (instrument célèbre),13
Infobox Voiture train,13
Infobox Fusée-sonde,13
Infobox Technologie d'assainissement,13
Infobox Course de WTCC,13
Infobox Halakha,13
Palette Genre musical,13
Infobox Amt du Danemark,13
Infobox Duo Comique,13
Infobox Éphéméride mois de l'année,13
Infobox Épisode biblique,13
Infobox Région d'Italie,13
Infobox Région du Cameroun,12
"Infobox Territoire britannique d'outre-mer
<!-- TITRE -->",12
Infobox Signal d'ondes gravitationnelles,12
Infobox Bassin sédimentaire,12
Infobox Ligne à haute tension,12
Infobox Province des Pays-Bas,12
Infobox Châtaignier,12
Infobox Panchen Lama,12
Infobox Canton du Luxembourg,12
Infobox Objet préhistorique,12
Infobox Disque circumstellaire,12
Infobox Route/Hongrie,12
Infobox Pierre runique,12
Chronologie tennis,12
",",12
Infobox Subdivision des Maldives,12
Infobox Salle de spectacle2,11
Infobox Coupe Grey,11
Infobox Mécanisme,11
langue de titre,11
Infobox État de Malaisie,11
Infobox État d'Autriche,11
infobox École,11
Infobox Région de la République du Congo,11
Chronologie natation,11
Infobox Épave,11
Infobox Commune du Liechtenstein,11
infobox Aire protégée,11
infobox Biographie2,11
Infobox Voie de Bucarest,11
infobox Musique (artiste),11
Infobox Religion par pays,11
Infobox District du Brésil,11
Infobox Marz d'Arménie,11
Infobox Commune du Bhoutan,11
Infobox Technique photographique,11
Infobox Planète fictive,11
Infobox Législature de France,11
Infobox Reculée,11
Infobox Langue zone d'influence,11
Infobox Chambre de commerce,10
Infobox Période glaciaire,10
Infobox Pulsar,10
infobox Université,10
Palette Titre films,10
Infobox Facteur de la coagulation,10
Infobox  Route,10
Infobox Mur de l'Atlantique,10
Infobox Pédale d'effet,10
Chronologie du Danemark,10
Chronologie badminton,10
infobox ouvrage,10
Infobox Département d'Haïti,10
Infobox Province de Zambie,10
Infobox Logiciel malveillant,10
Infobox Livre du Disque-Monde,10
Infobox Subdivision du Kenya,10
Infobox Apskritis de Lituanie,10
Infobox Région du Guyana,10
Infobox Camping,10
Infobox Piste de ski,9
Infobox Série de livres-jeux,9
Infobox Musique (oeuvre),9
Infobox Région de Hongrie,9
Infobox Législature autonomique d'Espagne,9
Infobox Course de Rallycross,9
Palette Temps (géologie),9
Infobox Skateur professionnel,9
Années au Luxembourg,9
Infobox Bachelor's degree,9
Infobox Quartier de Belgique,9
Infobox Personnage de One Piece,9
Infobox Test psychologique,9
Infobox Ville de Corée du Nord,9
infobox Compétition sportive,9
Cycling race/teaminfobox,9
Infobox Région du Mali,9
Infobox Province du Gabon,9
Infobox Biographie2,9
Langue de titre,9
Infobox Combat de boxe,9
Infobox_Université,9
Infobox Législature d'Espagne,9
Infobox_Stade,9
Infobox District fédéral de Russie,9
Infobox Commune d'Oman,9
Infobox Equipe de Patinage Synchronisé,9
Infobox Jeux olympiques de la jeunesse,9
Infobox Système planétaire,9
Infobox Province du Pakistan,8
Infobox Ville de Macédoine du Nord,8
Infobox Cinéma  (film),8
Infobox Province du Zimbabwe,8
Infobox Histoire de la bande dessinée,8
Infobox Division du Bangladesh,8
Infobox Fort romain,8
Infobox Codage de caractères,8
Infobox Cinéma  (personnalité),8
Infobox Route/Lua,8
Infobox Région du Ghana,8
Infobox Rabbi,8
Infobox Étagement,8
Infobox Animal dans la culture,8
Infobox  Société,8
Infobox Éphéméride du sport,8
article équivalent stratigraphique,8
Infobox Région de Slovaquie,8
Infobox_conflit_militaire,8
"Infobox Biographie2
<!-- {{Infobox Cinéma (personnalité) }} -->",8
Infobox Canal ionique,8
Infobox ABDA/Entête,8
Chronologie volley-ball,8
Infobox Collection de livre-jeu,7
Infobox Logiciel          <!-- Les champs présents dans cette liste sont les seuls à pouvoir apparaître dans l'infobox. Inutile donc d'en rajouter. -->,7
Infobox Architecture logicielle,7
Infobox Expédition,7
Infobox Économie sousdivision,7
Infobox Province de Finlande,7
"Infobox Personnalité du hockey sur glace
<!-- Merci de sourcer les surnoms, les surnoms non sourcés seront supprimés-->",7
Infobox Master's degree,7
Infobox Échangeur/Lua,7
Infobox Paroisse d'Andorre,7
Chronologie cyclisme,7
Infobox Rites par religion,7
Infobox  Cinéma (personnalité),7
Infobox film,7
Infobox District du Kenya,7
Infobox Réseau IRC,7
Infobox CART World Series,7
Infobox Région du Haut-Karabagh,7
infobox Musique (tournée),7
Infobox Écorégion d'eau douce,7
Infobox Province du Costa Rica,7
Chronologie de l'Asie,7
Infobox Musique2 (artiste),7
infobox Système d'exploitation,7
Infobox iPod,7
Infobox Commune du Groenland,6
"Infobox Ville du Royaume-Uni
<!-- TITRE -->",6
"Infobox Automobile
<!--Pensez à vérifier que les champs sont à jour en consultant Modèle:Infobox Automobile-->",6
Infobox Comté de Suède,6
"Infobox Site web
 <!-- pour adapter la couleur de la boîte au logo -->",6
Filtrage,6
Palette Catégories du CIRC,6
Infobox Équipe nationale de roller in line hockey,6
Infobox Fusée Pierre Précieuse,6
Infobox Législature du Luxembourg,6
Infobox Élément/Azote,6
Infobox Subdivision de Taïwan,6
infobox Série télévisée,6
Infobox Composant Mir,6
Infobox Charte Lyon,6
infobox Langue,6
infobox Unité militaire,6
Infobox  Personnalité politique,6
Infobox Décharge,6
Infobox Élément/Cobalt,6
Palette Potentiel thermodynamique,6
Infobox Voblast de Biélorussie,6
Infobox Législature du pays de Galles,6
Infobox Personnage coranique,6
Infobox Secteur de Bucarest,6
Nom protégé,6
Chronologie jeu vidéo,6
Infobox Club de tir à l'arc,6
Infobox Site d'essais militaires,6
Infobox Membre de Chambre de la fédération d'Éthiopie,6
Infobox Prêtre,6
article regroupement stratigraphique,6
Infobox Personnage des Royaumes oubliés,6
Infobox Réacteur nucléaire à fusion,6
infobox Personnage (fiction),6
Infobox Notes de jeu vidéo,6
Infobox District d'Israël,6
Infobox Grande région suisse,6
Infobox  Artiste,6
Infobox Géographie planétaire,6
Infobox Circonscription électorale du Luxembourg,6
infobox Appareil informatique,5
Infobox Région électorale pour l'assemblée nationale du pays de Galles,5
infobox Gratte-ciel,5
infobox Club de football,5
Palette Cosmologie,5
Infobox Joueur de hockey sur gazon,5
Infobox Région du Danemark,5
Palette Couplage en physique,5
Infobox   Biographie2,5
Infobox Saison amateur de club de football,5
Infobox Radical,5
infobox Édifice religieux,5
Infobox Agglomération du Québec,5
"Infobox Biographie2
<!-- {{Infobox Cinéma (personnalité)  }} -->",5
infobox Squelette,5
Taxobox simple début,5
Infobox Produit du terroir,5
Chronologie parcs de loisirs,5
Chronologie chemins de fer,5
infobox Livre,5
Infobox  conflit militaire,5
Infobox District de Tanzanie,5
Chronologie handball,5
Infobox Élément/Oxygène,5
Palette Classement musical,5
Infobox Nation en  compétition continentale de football,5
Infobox Isotope RMN,5
Infobox Binaire X,5
Infobox Région du Brésil,5
Infobox Mission Apollo,5
Infobox Batteries,5
"Infobox Organisation2
<!-- Contexte général -->",5
Infobox Secteur de l'Antarctique,5
Palette Constitution éthiopienne de 1994,5
Infobox District de la république démocratique du Congo,5
Infobox Éclipse,5
Chronologie football américain,5
Infobox Lieu des Simpson,5
infobox Sportif,5
Infobox Nation aux Jeux européens,5
Infobox_Maladie,5
Infobox Acquisition,5
"Infobox Biographie2
<!-- {{Infobox Artiste}} -->",5
Infobox Flipper,5
Infobox Variété de houblon,5
Infobox Sport paralympique,5
Infobox Route/AB,5
Infobox Conseil scolaire au Canada,5
Infobox Voie de Mulhouse,5
"Infobox Biographie2
<!-- {{Infobox Écrivain }} -->",5
Infobox Alliance politique indienne,5
Infobox Route/FL,5
Infobox_Patrimoine_mondial,5
Infobox Architecture CPU,5
Infobox  biographie2,5
Infobox Quartier de Jérusalem-Est,5
Infobox Club de gymnastique,5
Infobox Voie de Blagnac,4
Infobox Province de Belgique,4
Infobox  Récompense,4
"Infobox Exoplanète
<!-- PRÉSENTATION GÉNÉRALE -->
<!-- ÉTOILE -->",4
infobox Site web,4
Infobox Structure géologique,4
Chronologie gymnastique,4
Infobox Maison d'édition de livres-jeux,4
Palette Modèle CGHS,4
Infobox Région de Macédoine du Nord,4
"Infobox Saison de handball

<!-- Paramètres d'affichage -->",4
Infobox Technique de fiction,4
Infobox Composé chimique,4
"Infobox Biographie2 
<!-- {{Infobox Cinéma (personnalité) -->",4
"Infobox Star Wars
<!-- TITRE DE LA BOITE -->",4
infobox Politicien,4
Infobox Planète Fondation,4
infobox Sanctuaire religieux,4
Infobox Chambre de justice,4
Infobox Cinéma (projecteur),4
"Infobox Norme juridique
<!-- PRÉSENTATION -->",4
Infobox Province d'Irlande,4
Infobox Route projet,4
Infobox Piste de bobsleigh,4
Infobox District du Luxembourg,4
Infobox Monument <!--- Édifice religieux --->,4
"Infobox Maison d'édition 2
<!--  Consultez [[Modèle:Infobox Maison d'édition]] pour mettre à jour le modèle.  -->",4
infobox biographie2,4
Infobox Aéronef radiocommandé,4
Infobox Technopôle,4
Infobox_Conflit_militaire,4
"Infobox Biographie2
<!-- {{Infobox Artiste }} -->",4
Infobox Tournoi de badminton,4
Infobox  Musique (artiste),4
infobox Discipline,4
Infobox Région de la Macédoine du Nord,4
Infobox Éolienne,4
Infobox Équipe nationale de kayak-polo,4
Infobox Exposition2,4
Palette Cinq articles de remontrance,4
infobox Biographie,4
Infobox Appellation d'origine,4
Infobox Législature d'Écosse,4
infobox Mine,4
Infobox Collectivité de la république démocratique du Congo,4
Infobox Géographie de (1) Cérès,4
date-,4
Infobox Merveilles du monde,4
Infobox Gouvernement territorial,4
infobox Cycliste,4
Infobox Bilan club de rugby à XV européen,4
Infobox_Batteries,4
Infobox École de Yoga,4
Infobox Composant station spatiale Lunar Gateway,4
infobox Transport ferroviaire,4
infobox Ouvrage,4
Palette Périodisation précolombienne,4
Palette Parc Disney réduit,3
infobox Sport,3
infobox modulaire/Début,3
Infobox Minéral/2,3
Infobox Ville des Royaumes oubliés,3
"Infobox Biographie2
<!-- {{Infobox Écrivain}} -->",3
Infobox Club de canoë-kayak,3
Chronologie athlétisme,3
infobox Ville du Royaume-Uni,3
infobox Centrale nucléaire,3
Taxobox  début,3
infobox Association,3
"Infobox Élection
<!-- Infos élection -->",3
Infobox Ville statut controversé,3
Palette Disque de certification,3
Infobox Territoire de la république démocratique du Congo,3
Album ratings,3
"Infobox Biographie2
<!-- {{Infobox Musique classique (personnalité) }} -->",3
Infobox Document d'identité <!-- Il ne s'agit pas d'un document d'identité -->,3
Article,3
Infobox Taxon,3
Infobox Monument <!--- Château --->,3
Chronologie escrime,3
Chronologie journalisme,3
Infobox church,3
infobox Périodique,3
Infobox Spectrographe,3
Source insuffisante,3
Infobox_Société,3
Infobox Gène,3
Infobox Monument historique roumain,3
date,3
infobox Fromage,3
s-,3
infobox Anatomie,3
Infobox Monument_Rome_Antique,3
infobox Chimie,3
Infobox Royaume coutumier de Wallis-et-Futuna,3
Ancre,3
infobox Saint,3
Description courte,3
Palette Traités de la Guerre de Cents Ans,3
Infobox Communauté de Belgique,3
Infobox Photographie,3
Infobox Magnétosphère,3
Infobox Commune de la république démocratique du Congo,3
Infobox Légume,3
Infobox Toile,3
Chronologie sport hippique,3
Infobox Route/BC,3
Palette Histoire d'Haïti,3
infobox Prélat catholique,3
Infobox Élément/Bismuth,3
infobox Élection,3
Infobox Équipe nationale de bandy,3
infobox Norme juridique,3
Infobox_Biographie2,3
Infobox Bassin hydrographique,3
Infobox District du Rwanda,3
Infobox  Musée,3
Infobox Élément/Uranium,3
Date,3
Infobox Fusée Redstone,3
infobox Barrage,3
Infobox Lieu légendaire,3
Infobox Producteur,3
Infobox biographie2,3
Infobox Attaque,3
Liste de fichiers,3
"Infobox Artillerie<!-- All data from Schmidtchen (1977), pp. 164–166 -->",3
Infobox Géants du Nord-Pas-de-Calais,3
Infobox Autogire,3
Infobox Assemblée délibérante de France,3
Infobox Arrondissement judiciaire du Luxembourg,2
"Infobox Élections
<!-- Dernières -->",2
palette Cosmologie,2
Infobox Géographie de Neptune,2
"Infobox Musique classique (personnalité)
<!--MERCI DE BIEN LIRE LA DOCUMENTATION DU MODELE AVANT DE RENSEIGNER LES CHAMPS-->",2
Infobox Nation aux Jeux africains,2
Infobox Eau,2
Infobox OS,2
Infobox Site d'intérêt scientifique particulier,2
"Infobox Maladie<!-- Avant tout ajout dans l'article, merci de bien vouloir CITER VOS SOURCES. Tout manquement à cette règle pourra être révoqué sans préavis. -->",2
Chronologie tennis de table,2
ancre,2
"Infobox Maladie<!-- Code médicaux sur ce type de violence, ne pas toucher. -->",2
infobox Presse,2
Titre  en  italique,2
infobox Rugbyman,2
Chronologie surf,2
date de naissance,2
Infobox Joueur de baseball2,2
Infobox Prélat catholique,2
Infobox  Rose,2
Palette Précambrien,2
Infobox Région des Royaumes oubliés,2
infobox Famille noble,2
Infobox Députés département,2
infobox Motocyclette,2
infobox Rose,2
"Infobox Planète mineure
<!-- PRÉSENTATION GÉNÉRALE -->",2
"Infobox Biographie2  
<!-- {{Infobox Cinéma (personnalité) }} -->",2
Infobox Franchise Ligue majeure de baseball,2
infobox Montagne,2
Infobox Fiction audio,2
infobox Avion,2
lang-ar,2
Infobox Éphéméride des chemins de fer,2
infobox Média,2
Infobox  Aire protégée,2
infobox Animateur audiovisuel,2
Infobox  Cinéma (film),2
Chronologie danse,2
infobox Localité d'Ukraine,2
infobox Col,2
Infobox Papyrologue,2
infobox Île,2
Infobox Occitanie,2
Infobox Évènement,2
"Infobox Biographie2
<!-- {{Infobox Cinéma (personnalité)}} -->",2
Palette Judaïsme,2
style,2
Infobox Affaire judiciaire,2
Infobox Élément/Argent,2
infobox Localité d'Allemagne,2
Infobox  Château,2
"Infobox Décision juridique
<!-- PRÉSENTATION -->",2
Infobox Élément/Plomb,2
Infobox Localité du Liechtenstein,2
Infobox Bibliographie,2
Infobox Circonscription législative russe,2
infobox Hôtel,2
Infobox Élément/Bore,2
"Infobox Stade
<!-- Merci de sourcer les surnoms, les surnoms non sourcés seront supprimés-->",2
Infobox Espace  vert2,2
Infobox Match de tennis,2
Infobox Maison d'édition <!--  Consultez [[Modèle:Infobox Maison d'édition]] pour mettre à jour le modèle.  -->,2
lang,2
Infobox Terril du Bassin minier du Nord-Pas-de-Calais,2
"Infobox Agence gouvernementale
<!-- EN-TETE -->",2
coordonnées,2
infobox Nageur,2
Infobox Bretagne,2
Infobox Nation aux Jeux méditerranéens,2
infobox Musique (œuvre),2
infobox Missions ONU,2
Infobox Infraction,2
Infobox Section communale d'Haïti,2
Infobox Législature fédérale suisse,2
"Infobox Affaire criminelle  
<!-- AFFAIRE-->",2
infobox Revue,2
Infobox_Logiciel,2
incise,2
"Infobox Biographie2
<!-- {{Infobox Écrivain  }} -->",2
Chronologie sports équestres,2
infobox Parc de loisirs,2
Infobox Communauté territoriale d'Ukraine,2
Infobox Voie d'Aix-les-Bains,2
unité,2
Infobox Élément/Silicium,2
traduction à relire,2
Infobox Ville<!-- INUTILE DE COMPLIQUER L'EDITION EN LA REMPLACANT PAR L'INFOBOX NATIONALE-->,2
Infobox Mecha,2
Infobox Dénomination anatomique,2
Infobox Maladie animale,2
Infobox Ville de Biélorussie,2
Carte avec géolocalisation multiple,2
Infobox   Récompense,2
Infobox Œuvre musicale,2
"Infobox Ancienne entité territoriale 
<!-- TITRE DE LA BOÎTE -->",2
infobox Réacteur nucléaire,2
infobox Golfeur,2
s,2
infobox Ordre religieux,2
Chronologie basket-ball,2
infobox Algorithme,2
Infobox Élément/Or,2
Infobox Équipe du State of Origin,2
infobox Arme,2
"Infobox Maison d'édition
<!--  Consultez {{m|Infobox Maison d'édition}} pour mettre à jour le modèle.  -->",2
Infobox Climat,2
Infobox Planète/Mars,2
Infobox  Personnage (fiction),2
Infobox Machines de l'île,2
"Infobox Tribunal
<!-- EN-TÊTE -->",2
Infobox Élément/Technétium,2
Chronologie baseball,1
"Infobox Biographie2    
<!-- {{Infobox Écrivain }}    -->",1
infobox Géants du Nord-Pas-de-Calais,1
Infobox Élément/Radon,1
"Infobox Monument
<!--|ouverture = 1964 l'information n'a pu être sourcée malgré recherche par moteur (... de recherche) -->",1
Infobox Élément/Dubnium,1
Lien web,1
Infobox  Série télévisée détaillée,1
Infobox Élément/Potassium,1
"Infobox Biographie2
<!--| image             = Madame Moriss, Homme non identifié, portrait carte-de-visite, c. 1862.jpg
| légende           = Madame Moriss, Homme assis bras croisés (non identifié), portrait carte-de-visite, tirage sur papier albuminé, c. 1862. Paris, [[maison de Victor Hugo]] (inv. 3869)Image non contractuelle-->",1
"Infobox Aristocrate
<!--MERCI DE BIEN LIRE LA DOCUMENTATION DU MODELE AVANT DE RENSEIGNER LES CHAMPS-->",1
Infobox Planète/Saturne,1
Infobox Élément/Untrioctium,1
Chronologie informatique,1
SMS,1
Lien,1
Infobox Élément/Nihonium,1
Infobox Élément/Béryllium,1
Infobox Art/Bac à sable,1
Infobox Métropole de France <!--La Métropole de Lyon N'EST PAS UNE INTERCOMMUNALITÉ-->,1
Infobox Élément/Lithium,1
Infobox Élément/Césium,1
"Infobox Cycliste
<!-- |épouse=Jaci Hoffman (m. 1993)-->",1
Infobox Compétition  sportive,1
infobox Graphe,1
"Infobox Chimie
<!--Général-->",1
"Infobox Cinéma (film)
<!--| titre original  = Second Chance-->",1
"Infobox Société
<!--  Consultez [[Modèle:Infobox Maison d'édition]] pour mettre à jour le modèle.  -->",1
Infobox Élément/Manganèse,1
infobox Tunnel,1
"Infobox Biographie2    
<!--   {{Infobox Écrivain -->",1
infobox Patrimoine mondial,1
Infobox Élément/Untripentium,1
19e,1
Infobox Élément/Unbitrium,1
Infobox Élément/Meitnérium,1
Infobox  Agence gouvernementale,1
"Infobox Maladie<!-- L'infobox donne des références et codes, ne pas supprimer merci.-->",1
Infobox Savoie,1
"Infobox Objet <!--merci de laisser les libellés en place, pour qu'ils puissent éventuellement être renseignés, ici ou sur WD)-->",1
"Infobox Biographie2        
<!-- {{Infobox Cinéma (personnalité) }}  -->",1
infobox Brasserie,1
"Infobox société 
<!--  Consultez [[Modèle:Infobox Maison d'édition]] pour mettre à jour le modèle.  -->",1
Infobox Série télévisée détaillée <!-- Ne pas saccager les gabarits. -->,1
Infobox Région de Côte d'Ivoire,1
Infobox Conseil du roi,1
Infobox Chimie/2,1
Infobox Comté de l'Île-du-Prince-Édouard,1
Infobox Localité  de Suisse,1
Infobox Élément/Unbihexium,1
Infobox Élément/Unbioctium,1
Infobox  Conjoint politique,1
Années au Canada,1
"Infobox
<!--  Consultez [[Modèle:Infobox Maison d'édition]] pour mettre à jour le modèle.  -->",1
Infobox Compteur exoplanètes,1
"Infobox Médicament
<!--
  ***  Informations générales ***
-->",1
infobox Nerf,1
"Infobox Biographie2 
<!-- {{Infobox Artiste  }}   -->",1
Infobox Élément/Aluminium,1
Infobox Élément/Molybdène,1
Infobox Musique (œuvre) <!-- See Wikipedia:WikiProject_Albums -->,1
"Infobox  Biographie2    
<!-- {{Infobox Cinéma (personnalité)    -->",1
"Infobox Biographie2   <!---
}}
{{Infobox Cinéma (personnalité)   --->",1
Infobox Élément/Rubidium,1
Infobox Élément/Gallium,1
titre  en italique,1
Infobox Élément/Thallium,1
palette Droit des personnes en France,1
palette Modèle CGHS,1
infobox Architecte,1
Infobox Biographie2           <!-- {{Infobox Cinéma (personnalité)  }} -->,1
quand,1
Infobox Élément/Baryum,1
Ouvrage,1
"Infobox Commune d'Égypte
 <!-- | nom                      = Banha -->",1
"Infobox Localité
<!-- Infobox Commune du Mali
 | latitude   = 14.38
 | longitude  = -3.35
-->
<!-- Longitude : -3.35=W, Latitude : 14.38=N Altitude : 362m -->",1
2,1
infobox Télescope,1
"Infobox Biographie2   
<!--  {{Infobox Écrivain   -->",1
Infobox Élément/Strontium,1
Infobox Animal,1
infobox Veine,1
Article équivalent stratigraphique,1
Voir homonymes!Able,1
Infobox Séisme<!-- Séisme majeur de 2013. -->,1
Infobox Club d'échecs,1
"Infobox Biographie2
<!--   {{Infobox Cinéma  (personnalité)  }} -->",1
"Infobox Biographie2   
<!-- {{Infobox Artiste}} -->",1
infobox Cinéma  (personnalité),1
Infobox Gasconha,1
"Infobox Biographie2  
 <!-- | charte            = classique -->",1
Infobox Biographie2 <!--- Aristocrate médiéval --->,1
Infobox Élément/Argon,1
Infobox Élément/Hydrogène,1
Cycling race/raceinfobox,1
Infobox Élément/Tennesse,1
"Infobox Satellite naturel
<!-- Présentation générale -->",1
"Infobox Biographie2  
<!-- {{Infobox Écrivain }} -->",1
infobox Aristocrate,1
Infobox Élément/Actinium,1
Infobox Élément/Seaborgium,1
"Infobox<!--Livre
| titre = Le Chevalier de Maison-Rouge
| auteur =[[Alexandre Dumas]]
| image = Dumas2.JPG
| genre = [[roman historique]]
| pays=[[France]] 
| éditeur =
| dateparution =[[1846]]
| légende = 
| dessinateur =
| artiste_couverture = 
| série = 
| collection = 
| type_média = 
| pages = 
| isbn = 
| précédent =
| suivant =
-->",1
Infobox Écorégion marine,1
Infobox Cinéma (film)                    <!--   {{harflertydig7}}   -->,1
"Infobox Biographie2  
<!-- {{Infobox Artiste  }} -->",1
Infobox Élément/Krypton,1
"Infobox Société
<!--  Consultez [[Modèle:Infobox Société]] pour mettre à jour le modèle.  -->",1
"Infobox Musée
 <!-- | nom                = Museum of original figurines -->",1
infobox Site archéologique,1
Infobox Créature<!---!|image=Blodeuwedd - Christopher Williams.jpg|légende=''Blodeuwedd'' de [[Christopher Williams (peintre)|Christopher Williams]] (1930)--->,1
Infobox Biographie 2 <!--- Politicien --->,1
Infobox  Commanderie templière,1
infobox Ville d'Écosse,1
Infobox Personnage (fiction) <!--Wikipedia:WikiProject Comics-->,1
infobox Créature,1
Infobox Élément/Étain,1
Chronologie ski,1
"Infobox Artillerie<!-- All data from Schmidtchen (1977), pp. 217–221 -->",1
"Infobox Biographie 2 
<!--  {{Infobox Musique classique (personnalité)  -->",1
Infobox Élément/Tantale,1
Infobox Province du Kirghizistan,1
Infobox Élément/Fluor,1
infobox Ville,1
Infobox BUT,1
Ve,1
infobox Sport olympique,1
Infobox Artiste <!-- Biographie2  -->,1
"Infobox Biographie2
<!-- {{Infobox Cinéma (personnalité)   }} -->",1
Infobox Élément/Mendélévium,1
"Infobox Planète mineure
<!-- PRÉSENTATION GENERALE -->",1
infobox Presse écrite,1
"Infobox Biographie2  
<!-- {{Infobox Artiste}} -->",1
Infobox Élément/Livermorium,1
Infobox Élément/Holmium,1
Infobox Élément/Hassium,1
Infobox Élément/Xénon,1
Infobox Élément/Yttrium,1
Infobox Planète,1
Infobox Élément/Thorium,1
infobox Entreprise,1
Infobox Maladie<!-- Infobox ajoutée pour les codes. -->,1
Infobox Film,1
Infobox Élément/Tungstène,1
"Infobox Manuscrit
<!----------Nom---------->",1
Infobox District du Kosovo,1
Infobox Musique (artiste) <!-- See Wikipedia:WikiProject Musicians -->,1
Infobox Élément/Unbipentium,1
Infobox Maison d'édition<!-- Consultez [[Modèle:Infobox Maison d'édition]] pour mettre à jour le modèle. -->,1
ébaucheJeux olympiques,1
Infobox    Récompense,1
infobox Compagnie aérienne,1
Infobox Élément/Europium,1
R3R,1
Infobox Élément/Untrinilium,1
Années en Écosse,1
Infobox_Mouvement religieux,1
infobox Pièce de théâtre,1
Infobox  Île,1
semi-protection,1
Infobox Élément/Nickel,1
Infobox Soleil,1
Infobox Championnats de karaté,1
"Infobox Localité
<!-- TITRE -->",1
Page h,1
nombre,1
Infobox  Animateur audiovisuel,1
Infobox Élément/Gadolinium,1
"Infobox Biographie2
<!-- {{Infobox Cinéma (personnalité) -->",1
Infobox Élément/Platine,1
"Infobox Saison de foot
<!-- 
COULEURS ET MOTIFS DES TROIS MAILLOTS. DOCUMENTATION SUR [[Modèle:Football kit]] -->",1
"Infobox Biographie2 
<!-- {{Infobox Cinéma (personnalité) }} -->",1
"Infobox Biographie2
<!--Données introduites dans Wikidata. Ne rien ajouter ci-après.-->",1
"Infobox Cycliste
<!-- |nom officiel= - -->",1
infobox Traité international,1
"Infobox Localité
<!-- | site web = http://www.sidiyahiazares.ma/  site brisé (constaté le 20/03/2024)-->",1
Infobox Société <!-- Merci de laisser l'infobox entière -->,1
"infobox Étoile
<!-- PRÉSENTATION GÉNÉRALE -->",1
Infobox  Saison de hockey sur glace,1
"Infobox Musique (artiste)<!-- L'infobox concerne uniquement l'artiste, non le groupe. -->",1
infobox  Série télévisée,1
"Infobox Biographie2
 <!-- | charte = naturaliste -->",1
Infobox Personnalité  politique,1
infobox Divinité,1
Infobox Musique  (artiste),1
Infobox Région de République tchèque,1
Infobox Lavoir,1
Infobox Élément/Praséodyme,1
grec ancien,1
"Infobox Biographie 2  
<!-- {{Infobox Personnalité militaire }} -->",1
Infobox Planète/Lune,1
Infobox_Rôle monarchique,1
"Infobox Décision juridique

<!-- PRESENTATION -->",1
Infobox Élément/Neptunium,1
"Infobox Biographie2
<!-- {{Infobox Cinéma (personnalité) }}  -->",1
Infobox  Écrivain,1
Chronologie catch,1
"Infobox Biographie2
<!--
| nom                 = Eugène Schueller
| image               =
| date de naissance   = {{date de naissance|20|mars|1881}}
| lieu de naissance   = [[Paris]] ([[France]]) 
| date de décès       = {{date de décès|23|août|1957|20|mars|1881|oui}}
| lieu de décès       = [[Paris]] ([[France]]) 
| âge au décès        = 76 ans
| nationalité         = [[France|Française]] 
| profession          = [[Homme d'affaires]]  
| hommage             = chevalier de la [[Légion d'honneur]]<br>[[Croix de guerre 1939-1945|croix de guerre]]
| activités autres    =
  -->",1
infobox Écrivain,1
"Infobox Biographie2
<!-- {{Infobox Artiste}}   -->",1
Infobox Course de Formule_1,1
Infobox    Musique  (festival),1
Infobox Quartier de la république démocratique du Congo,1
Infobox Élément/Unsepttrium,1
Infobox Élément/Iode,1
3e,1
"Infobox Cinéma (personnalité)
<!--| image         = File William_Powell_in_Libeled_Lady_trailer.jpg-->",1
Infobox Biographie2 <!--- Politicien --->,1
Infobox Élément/Ruthénium,1
Infobox Élément/Palladium,1
infobox Grotte,1
Infobox  Jeu vidéo,1
Infobox Élément/Unbiennium,1
Infobox Élément/Cadmium,1
infobox Maison d'édition,1
infobox Tribunal,1
"Infobox Biographie2
<!--  {{Infobox Musique classique (personnalité) }}  -->",1
Infobox Footballeur,1
infobox Usine,1
Infobox Ville d'Inde,1
"Infobox Biographie2  
<!-- {{Infobox    }} -->",1
"Infobox Conflit militaire
<!--| guerre       = [[Première coalition]]-->",1
Infobox Élément/Fermium,1
Infobox Élément/Cérium,1
Infobox Réseau routier/bac à sable,1
Infobox  société,1
Infobox Biographie 2<!--- Politicien --->,1
"Infobox Biographie2  
<!-- {{Infobox Cinéma (personnalité)}} -->",1
"Infobox Biographie2
<!--
 | image             = Benjamin Cardozo.jpg -->",1
infobox Muscle,1
Frise chronologique de l'histoire de Bavière,1
Chronologie rugby à XIII,1
"Infobox Biographie2
<!--Veuillez introduire les données directement dans Wikidata svp. C'est la fonction de cette infobox.-->",1
Infobox Jeu vidéo/Archive V4,1
infobox Musique (instrument),1
Infobox Monument <!--- Abbaye --->,1
Infobox Planète/Neptune,1
"Infobox Localité du Burkina Faso
<!--
 Noms en titre
-->",1
Voie homonymes,1
Infobox Planète/Mercure,1
Infobox Île  <!-- CE N'EST PAS UNE ILE -->,1
Infobox Élément/Unbiunium,1
Infobox Élément/Unbibium,1
Infobox Élément/Terbium,1
Infobox  Prélat catholique,1
Infobox Élément/Prométhium,1
Infobox Élément/Ununennium,1
Infobox Territoire britannique d'outre-mer,1
navbox Sport,1
Infobox Élément/Protactinium,1
titre noble,1
Infobox Pays basque,1
Infobox  Ouvrage,1
Infobox Élément/Titane,1
Infobox Élément/Unquadnilium,1
Infobox Élément/Tellure,1
Infobox Musique (artiste) <!-- See Wikipedia:WikiProject_Musicians -->,1
"Infobox Ancienne entité territoriale 

<!-- TITRE DE LA BOITE -->",1
Infobox Quartier de Québec,1
Infobox Élément/Niobium,1
"Infobox Biographie2
<!--   {{ Infobox Écrivain }}   -->",1
Infobox Élément/Vanadium,1
Infobox Configuration minimum,1
"Infobox Biographie2
<!-- {{Infobox Artiste  }}  -->",1
infobox Chambre de justice,1
Infobox Élément/Darmstadtium,1
Infobox Élément/Cuivre,1
"Infobox Organisation2
<!-- Information douteuse car c'est la déclaration pour 2020-2021
| financement =  5.5 millions [[Dollar américain|USD]] en 2022<ref>{{lien web|titre=IRS 990 Form|url=https://apps.irs.gov/pub/epostcard/cor/814576399_202012_990_2021052618206613.pdf}}</ref>
-->",1
Infobox Concession du Bassin minier du Nord-Pas-de-Calais,1
persan,1
Infobox Élément/Osmium,1
Infobox Élément/Ytterbium,1
Infobox Élément/Francium,1
"Infobox Biographie2 
<!-- {{Infobox Biographie }} -->",1
infobox Ancienne entité territoriale,1
"Infobox Biographie2    
<!-- {{Infobox Cinéma (personnalité) -->",1
Pertinence,1
Infobox   Cours d'eau,1
Infobox Élément/Unquadunium,1
Infobox Maison d'édition<!--  Consultez [[Modèle:Infobox Maison d'édition]] pour mettre à jour le modèle.  -->,1
"Infobox Localité
<!-- |image=Fire and police station - Gladstone, Oregon.JPG -->",1
"Infobox Personnalité du hockey sur glace
<!-- Merci de sourcer les surnoms. Les surnoms non sourcés seront supprimés -->",1
Infobox  Ville de Pologne,1
Palette Quartet du dialogue national,1
Infobox Éphéméride républicaine 6e jour complémentaire,1
"Infobox Localité
<!--  | alt maxi     = 229 -->",1
Infobox Élément/Flérovium,1
Infobox  Monument,1
"Infobox Biographie2
<!--- {{Infobox Écrivain}}  --->",1
Infobox Engin spatial auxiliaire,1
"Infobox Hymne
 <!--| titre                    = O Hymno da Carta-->",1
Lang-hu,1
Voir paronhymes,1
nobr,1
Infobox Accident de transport<!-- Accident ferroviaire majeur -->,1
"Infobox Biographie2   
<!--   {{Infobox Philosophe}}   -->",1
infobox Localité de Russie,1
Infobox  Période historique,1
Infobox Élément/Antimoine,1
Infobox Planète/Vénus,1
"Infobox Personnalité politique
<!-- Fonctions -->",1
Infobox Saison ligue CFL,1
Infobox Élément/Untritrium,1
infobox Planète mineure,1
Infobox Élément/Moscovium,1
"Infobox Association <!-- Mode d'emploi, voir http://fr.wikipedia.org/wiki/Mod%C3%A8le:Infobox_Association/Documentation -->",1
Infobox Élément/Nobélium,1
Infobox Dénomination chrétienne,1
Infobox  Voie parisienne,1
infobox Stade,1
Infobox Élément/Scandium,1
Infobox Élément/Unbiquadium,1
Infobox Élément/Polonium,1
Infobox_Monument,1
Infobox Élément/Unbinilium,1
infobox Mouvement artistique,1
Infobox Région de Belgique,1
infobox  Biographie2,1
"Infobox Biographie2     
<!--
 | charte            = classique
 | nom               = Thomas Abel Brimage Spratt   -->",1
voir homonymeds,1
Infobox Élément/Indium,1
"Infobox Université 
 <!-- | image                  = SkidmoreCollegeSeal.png -->",1
Infobox Biographie2 <!-- ou via Infobox Personnalité politique ? -->,1
Infobox Alsace,1
Infobox Wallonie,1
Infobox Élément/Calcium,1
infobox  Personnalité politique,1
"Infobox Exoplanète
<!-- Présentation générale -->",1
Infobox Élément/Lutécium,1
"Infobox Biographie2
<!--|charte = instrumentiste-->",1
Infobox  Gouverneur de la Régence d'Alger,1
Infobox Joueuse de volley-ball,1
Infobox Élection <!-- Cette infobox est utilisée à titre d'exemple dans la documentation de l'infobox -->,1
Infobox  Art,1
titre  mis en forme,1
"Infobox Musée
 <!-- | nom                = Atelier-Musée de l'imprimerie -->",1
Infobox Électricité (pays),1
citation,1
Infobox Élément/Zinc,1
Infobox Élément/Curium,1
Infobox Élément/Mercure,1
Infobox Planète/Uranus,1
"Infobox Ancienne entité territoriale
<!--| nom={{lang|mt|In-Nazzjon Għawdxi}}
| nom langue=[[Maltais|mt]]-->",1
Infobox Tribunal<!-- EN-TETE -->,1
infobox Musique classique (personnalité),1
Infobox_Station_de_métro,1
Infobox Élément/Berkélium,1
Infobox Géographie de Charon,1
Infobox Élément/Astate,1
infobox Relief,1
"Infobox Biographie2
<!-- {{Infobox Musique (artiste) }} -->",1
Infobox Département de Côte d'Ivoire,1
Infobox Élément/Thulium,1
"Infobox Biographie2
<!-- ne pas retirer, wikidata ne prend pas en compte le genre ""genderqueer"" ou ne gère pas les pronoms, ce qui donne la mauvaise traduction -->",1
Infobox Élément/Unquadbium,1
Palette Processus de paix israélo-palestinien,1
Infobox Zone Insee 2,1
Infobox  Musique (œuvre),1
Palette Répartition des eaux,1
Infobox Élément/Untrihexium,1
infobox Géographie de Mars,1
"Infobox Localité
 <!-- sauf noms en double et lien vide : -->",1
"Infobox Biographie2
<!-- {{Infobox Miss     }} -->",1
Infobox Élément/Untriseptium,1
Infobox Organisme de soutien artistique francophone,1
Infobox Dynastie Grassfields,1
infobox Ligne ferroviaire,1
Infobox    Biographie2,1
Infobox Localité  de Russie,1
"Infobox Ancienne entité territoriale
<!-- TITRE -->",1
Infobox Élément/Néon,1
Infobox Religion v2 <!--Infobox Mouvement religieux-->,1
Infobox Élément/Californium,1
Infobox Station de métro <!--Attention: On ne sait pas quand exactement la 2ème phase de la ligne 3 sera inaugurée. Le gouv dit que l’inauguration possible sera pendant la 4ème quart.-->,1
"Infobox Chaîne de télévision
 <!--| couleur boîte           = 3B3B3B-->",1
Infobox   Musique classique  (personnalité),1
Infobox Groupe parlementaire d'Espagne,1
Infobox Élément/Copernicium,1
Infobox Élément/Erbium,1
méta infobox navigation,1
Infobox Élément/Rhénium,1
À développer,1
Infobox Exolune,1
infobox Joueur de poker,1
Infobox Élément/Chlore,1
Infobox Élément/Untriunium,1
Coord2,1
"Infobox Gymnaste
<!--Pour les instructions, consultez [[Modèle:Infobox Gymnaste]]-->",1
Palette Juifs et Judaïsme,1
"Infobox Série télévisée
 <!-- | type                       = [[série télévisée d'animation]] -->",1
"Infobox Cinéma (personnalité)
<!--| couleur       = artiste
| nom               = Jason Barry-->",1
Palette Responsabilité civile en Suisse,1
Infobox  Localité de Suisse,1
infobox Poème,1
Article regroupement stratigraphique,1
Infobox Élément/Untriquadium,1
infobox Matériel ferroviaire/Début,1
Infobox Élément/Lanthane,1
Infobox Élément/Arsenic,1
Infobox Élément/Iridium,1
infobox Relief terrestre,1
Infobox Système de positionnement par satellites,1
Infobox Élément/Hélium,1
Admissibilité à,1
Sofr,1
Infobox Élément/Roentgenium,1
"infobox Biographie2
<!-- Fonctions -->",1
"Infobox Musique (artiste)
<!-- | charte            = vocal -->",1
Infobox Musique classique  (personnalité),1
Palette Traités constitutifs de l'Union européenne,1
Infobox Élément/Unbiseptium,1
infobox Chaîne de télévision,1
Infobox Musique (artiste)<!-- See Wikipedia:WikiProject Musicians -->,1
"Infobox Musée
<!--|nom=Musée des Beaux-Arts de Limoges, palais de l’Évêché-->",1
"Infobox Artiste
<!--Données introduites dans Wikidata. Ne rien ajouter ci-après.-->",1
Infobox Tournoi de sumo,1
Titre  en italique,1
"Infobox Biographie2
<!--  {{Infobox Écrivain  }}  -->",1
Chronologie astronomie,1
"Infobox Monument
 <!--| nom                    = Centre de délassement de Marcinelle
 | nom local              = 
 | image                  = Piscine en plein air Marcinelle Charleroi.jpg
 | légende                = Vue aérienne de la piscine du centre.
 | style                  = 
 | type                   = 
 | architecte             = [[Jacques Depelsenaire]]
 | ingénieur              = 
 | hauteur                = 
 | date de construction   = 1958
 | commanditaire          = 
 | propriétaire           = 
 | destination initiale   = Centre de loisirs
 | destination actuelle   =
 | date de démolition     = 
 | classement             = 
 | site                   = 
 | pays                   = {{Belgique}}
 | région                 = {{BE-WAL}}
 | subdivision            = {{BE-WHT}}
 | intitulé subdivision   = [[Province de Belgique|Province]]
 | subdivision2           = 
 | intitulé subdivision2  = 
 | commune                = {{Charleroi drapeau}}
 | intitulé commune       = [[Commune (Belgique)|Commune]]
 | adresse                = avenue des Muguets, 16<br/>Marcinelle
 | stationnement          = 
 | gare                   = 
 | métro                  = 
 | tram                   = 
 | bus                    = 
 | latitude               = 50.372967
 | longitude              = 4.462390
 | géolocalisation        = Belgique/Charleroi
 | type2                  = -->",1
japonais,1
nihongo,1
infobox Chanson,1
"Infobox Station de ski
<!--| nom = Station de ski du mont Masik-->",1
Infobox Élément/Sélénium,1
Infobox Élément/Untribium,1
infobox Mégalithe,1
Image multiple,1
Infobox  Subdivision,1
Infobox Localité  <!-- Ville --> <!-- Localité -->,1
"Infobox Spectrographe
<!-- PRÉSENTATION GÉNÉRALE -->",1
Infobox  Série télévisée,1
"Infobox Biographie2
 <!-- | charte            = compositeur -->",1
Infobox Élément/Rhodium,1
Voir parophone,1
"Infobox Cinéma (film) <!-- Laissons l’infobox ainsi, pour faciliter la relecture. Merci ! -->",1
Infobox Centrale <!-- A COMPLETER -->,1
infobox Vallée,1
Palette Organisation juridictionnelle en France,1
Infobox  Quartier,1
Infobox Biographie2<!--MERCI DE BIEN LIRE LA DOCUMENTATION DU MODELE AVANT DE RENSEIGNER LES CHAMPS-->,1
"Infobox Musique (style)<!-- N'est pas un style musical, mais il fallait une infobox connexe afin de catégoriser les divers genres musicaux effectués par ce type de groupe. -->",1
infobox Émission de télévision,1
IIe siècle av. J.-C.,1
infobox Municipalité de Nouvelle-Zélande,1
Infobox Musique  (œuvre),1
Infobox Biographie2    <!-- {{Infobox Scientifique   -->,1
chronologie parcs de  loisirs,1
formatnum:142857,1
Infobox Élément/Soufre,1
Lang,1
Palette Apocryphes du Nouveau Testament,1
Infobox Planète/Jupiter,1
Infobox Biographie2        <!-- {{Infobox Artiste}} -->,1
infobox Joueur de snooker,1
infobox Commune d'Allemagne,1
"Saison de foot
 <!--|maj              = 20 mai 2012-->",1
DISPLAYTITLE:Groupe Samse,1
Infobox Élément/Hafnium,1
"Infobox Biographie2
<!--  {{Infobox Écrivain }}   -->",1
"Infobox Ouvrage<!--Livre
| auteur = [[Augustin Barruel]]
| genre = [[Essai]]
| titre_orig = 
| pays = 
| titre = Mémoires pour servir à l'histoire du jacobinisme
| éditeur = 
| dateparution = [[1797]]-1799
| image = 
| légende = 
| dessinateur = 
| artiste_couverture =  
| série = 
| collection = 
| type_média = 
| pages = 
| isbn =
| précédent = 
| suivant = 
-->",1
Infobox Béarn,1
Infobox Élément/Phosphore,1
Infobox Élément/Oganesson,1
è,1
Infobox  Édifice religieux,1
Infobox Élément/Rutherfordium,1
Licence Matériel Biologique et chimique ouvert,1
"Infobox Localité
<!-- | image         = B3056 passing Stephill Bottom - geograph.org.uk - 1123669.jpg
| légende image = La B3056 à Stephing Bottom, paysages de landes de bruyères.
-->",1
infobox Boisson,1
Infobox Élément/Magnésium,1
Infobox Réaction chimique,1
Infobox Élément/Néodyme,1
Infobox Élément/Bohrium,1
Infobox Élément/Américium,1
"Infobox Université
<!-- | blason                 = Wikidata : P:P154-->
<!-- | taille blason          = taille de l'image -->
<!-- | légende blason         = légende de l'image -->",1
En arabe,1
infobox  Société,1
Palette Chronologie Marvel,1
infobox Personnalité militaire,1
Infobox   Artiste,1
XXe siècle,1
"Infobox Artillerie<!-- All data from Schmidtchen (1977), pp. 221f. -->",1
"Infobox Grotte
<!--image wikidata-->",1
Infobox Élément/Germanium,1
Infobox Élément/Zirconium,1
Infobox Biographie/Bac à sable,1
Infobox    <!-- Route -->,1
Infobox Pilote de rallye,1
Infobox Élément/Dysprosium,1
Infobox Élément/Untriennium,1
"Infobox Biographie2 
<!---   {{Infobox Musique (artiste)   }} 
 | charte            = classique
 | nom               = Mabel Mercer    --->",1
Infobox Subdivision du Burkina Faso,1
Infobox Élément/Samarium,1
Infobox Élément/Chrome,1
"Infobox Biographie2
<!--   {{Infobox Cinéma (personnalité)  }}    -->",1
Infobox Ancien arrondissement du Royaume-Uni,1
Infobox Élément/Fer,1
m,1
infobox Grand Prix moto,1
Infobox Élément/Einsteinium,1
Infobox Élément/Sodium,1
Infobox Élément/Brome,1
"Infobox Biographie2  
<!-- {{Infobox Artiste }} -->",1
Infobox Ville<!-- NE PAS METTRE l'INFOBOX VILLE DU VIETNAM : COMPLICATION INUTILE-->,1
Infobox Élément/Radium,1
Infobox Planète/Terre,1
Infobox Bloc de programmation TV,1
Infobox Route/SK,1
"Infobox Biographie2
<!--|image=Ghotb2.jpg-->
<!--|légende=Qoṭb al-Din al-Širāzi-->",1
infobox Artéfact archéologique,1
Infobox Ville du Guyana,1
"Infobox Monument
<!-- Ne rien ajouter ci-après. Données introduites dans Wikidata -->",1
infobox Étoile,1
Infobox Élément/Lawrencium,1
Infobox Élément/Carbone,1
infobox Vêtement,1
"Infobox Biographie2  
<!--  {{Infobox Musique classique (personnalité)}}  -->",1
sources à lire,1
Langue,1
Infobox Monument,1
Infobox artist,1
Infobox Élément/Plutonium,1
